;INVENTARIO DE PRODUCTOS;;;;;;;;;;;;;;
;;;;;;;;;;;;;;;
;CODIGO;NOMBRE;FABRICANTE;DESCRIPCION; PRECIO VENTA ; PRECIO COMPRA ; UNIDAD ;STOCK EN ALMACEN;FECHA INGRESO;ENTRADA;SALIDA;STOCK; IMPORTE INVENTARIO ; PROVEEDOR ; Columna1 
;R_0001;" ALICATE PRESION 10"" "; EUROTOOLS;ALF-223;S/ 14.00;S/ 8.90; unidad ;1;25/03/2025;2;0;3; S/. 42.00 ;alfa;
;R_0002;Abrazadera 1 1/2 tubo agua;El Puma;1 1/2, 2 oreja;S/ 100.00;S/ 50.00; ciento ;1;;0;0;1; S/. 100.00 ;;
;R_0003;Abrazadera 1 1/4 sin fin;;galvanizada 1 1/4;;S/ 49.00; millar ;1;;0;0;1; S/. -   ;;
;R_0004;ABRAZADERA 1 OREJA;EL PUMA;"1"" P/ TUBO DE LUZ";;S/ 10.50; CIENTO ;1;4/07/2024;0;0;1; S/. -   ;;
;R_0005;ABRAZADERA 1 OREJA;EL PUMA;"3/4"" P/TUBO DE LUZ";;S/ 8.50; CIENTO ;1;4/07/2024;0;0;1; S/. -   ;;
;R_0006;Abrazadera 1 tubo agua;El Puma;"1"", 2 oreja";S/ 75.00;S/ 35.00; ciento ;1;;0;0;1; S/. 75.00 ;;
;R_0007;Abrazadera 1/2 tubo agua;El puma;"1/2"", 2 oreja";S/ 48.00;S/ 24.00; ciento ;100;;0;0;100; S/. 4,800.00 ;;
;R_0008;Abrazadera 2 orejas;El puma;3-Abr;S/ 16.00;S/ 8.00; ciento ;1;24/03/2025;0;0;1; S/. 16.00 ;Negociaciones generales cia;
;R_0009;Abrazadera 2 tubo agua;El Puma;"2"",2 oreja";S/ 120.00;S/ 57.50; ciento ;1;;0;0;1; S/. 120.00 ;;
;R_0010;Abrazadera agua 2 orejas;;3/4 pesada;S/ 16.00;S/ 28.00; ciento ;1;24/03/2025;0;0;1; S/. 16.00 ;Negociaciones generales cia;
;R_0011;Abrazadera P/ canaleta;;"4"" soporte p/canaleta";S/ 4.00;S/ 1.90; unidad ;6;20/06/2025;0;0;6; S/. 24.00 ;;
;R_0012;Abrazadera P/ canaleta;;4 Presion;S/ 25.00;S/ 14.00; Juego ;1;20/06/2025;0;0;1; S/. 25.00 ;cia;
;R_0013;ABRAZADERA SIN FIN 1 ;;1 GALVANIZADA;;S/ 22.00; CIENTO ;1;4/07/2024;0;0;1; S/. -   ;;
;R_0014;Abrazadera sin fin 1 1/2;;;S/ 90.00;S/ 54.00; ciento ;1;20/06/2025;0;0;1; S/. 90.00 ;;
;R_0015;Abrazadera sin fin 1 1/4;;;S/ 90.00;S/ 49.00; ciento ;1;20/06/2025;0;0;1; S/. 90.00 ;;
;R_0016;ABRAZADERA SIN FIN 1/2 ;;1/2 GALVANIZADA;;S/ 20.50; CIENTO ;1;4/07/2024;20;0;21; S/. -   ;;
;R_0017;ABRAZADERA SIN FIN 3/4;;3/4 GALVANIZADA;;S/ 20.50; CIENTO ;1;4/07/2024;0;0;1; S/. -   ;;
;R_0018;aceite 4 en 1 chico;economico;;S/ 2.00;S/ 0.85; unidad ;8;23/08/2024;0;0;8; S/. 16.00 ;ALFA;
;R_0019;Acido 1 L;Derquin;Antizarro antimanchas;S/ 6.00;;Litro;10;;0;0;10; S/. 60.00 ;;
;R_0020;Acido gln;;;;;galon;4;;0;0;4; S/. -   ;;
;R_0021;Africano 0.76L;Adhesivo Nacionales;terocal;S/ 13.00;;unidad;1;;0;0;1; S/. 13.00 ;;
;R_0022;Africano peque;Adhesivo Nacionales;terocal;S/ 2.00;;unidad;7;;0;0;7; S/. 14.00 ;;
;R_0023;Alcayata 1;;;;S/ 8.50; caja ;1;9/09/2024;0;0;1; S/. -   ;negociaciones generales;
;R_0024;Alcayata 2 1/2;;;;S/ 8.50; caja ;1;9/09/2024;0;0;1; S/. -   ;negociaciones generales;
;R_0025;"ALCAYATA 2""";BARCO;"2""";S/ 12.00;S/ 8.50; CAJA ;1;9/09/2024;0;0;1; S/. 12.00 ;negociaciones generales;
;R_0026;Alcayata 3;;;;S/ 8.50; caja ;1;9/09/2024;0;0;1; S/. -   ;negociaciones generales;
;R_0027;Alcohol industrial desn;Martell;;S/ 18.00;;Gl;2;;0;0;2; S/. 36.00 ;;
;R_0028;ALDABA TROPICALIZADA;EL PUMA;"3""";;S/ 19.05; DOCENA ;1;4/07/2024;0;0;1; S/. -   ;;
;R_0029;Algod¢n;;;S/ 16.00;;;20;;0;0;20; S/. 320.00 ;;
;R_0030;"Alicate  6""";Khoper;;S/ 8.00;;unidad;4;;0;0;4; S/. 32.00 ;;
;R_0031;"Alicate  6""";Standard;;S/ 9.50;;unidad;1;;0;0;1; S/. 9.50 ;;
ARDILES;R_0032;"Alicate 8""";ingco;;S/ 14.00;S/ 10.00; unidad ;3;2/05/2024;0;0;3; S/. 42.00 ;;
;R_0033;"Alicate 8""";economico;215 g;S/ 8.00;S/ 4.20; unidad ;3;17/12/2024;0;0;3; S/. 24.00 ;ardiles;
;R_0034;Alicate Pelacable;EUROTOOLS;ALF-0.22;S/ 13.00;S/ 8.50; unidad ;3;29/04/2025;0;0;3; S/. 39.00 ;alfa;
;R_0035;Alicate Pelacable pro 7 calibres ALF-022;EUROTOOLS;pelacable 7 calibres;S/ 12.00;S/ 7.20; unidad ;3;16/12/2025;0;0;3; S/. 36.00 ;;
;R_0036;Alicate universal 6;INGCO;;S/ 10.00;S/ 7.10; unidad ;2;17/10/2025;0;0;2; S/. 20.00 ;;
;R_0037;"Alicate universal 6"" hcp08168";INGCO;"6""";S/ 11.50;S/ 7.00; unidad ;3;16/12/2025;0;0;3; S/. 34.50 ;;
;R_0038;"Alicate universal 8""";INGCO;;S/ 16.00;S/ 12.53; unidad ;2;17/10/2025;0;0;2; S/. 32.00 ;;
;R_0039;"Alicate universal 8""  alf 073";eurotools;"8"" economico";S/ 11.00;S/ 7.60; unidad ;3;16/12/2025;0;0;3; S/. 33.00 ;;
;R_0040;Alquitran industrial;derquin;galon;S/ 20.00;S/ 16.00;Gl;5;;0;0;5; S/. 100.00 ;;
;R_0041;"Angulo 1 1/2"" x 1/2""";;;;;;0;;0;0;0; S/. -   ;;
;R_0042;"Angulo 1 1/4"" x 1 1/4""";;;S/ 0.40;;unidad;;;0;0;0; S/. -   ;;
;R_0043;"angulo 1""x1/2""";;;S/ 0.40;;unidad;;;0;0;0; S/. -   ;;
;R_0044;"Angulo 2 1/2"" x 1""";;;;;;;;0;0;0; S/. -   ;;
;R_0045;"Angulo 2 1/2""x 1/2""";;;S/ 0.80;;unidad;;;0;0;0; S/. -   ;;
;R_0046;"Angulo 2"" x 1/2""";amarillo;;;;;;;0;0;0; S/. -   ;;
;R_0047;"Angulo 3/4"" x 1""";;;;;;;;0;0;0; S/. -   ;;
;R_0048;ANGULO 8x10 negro;Gema;c/Refuerzo negro 8x10;S/ 144.00;S/ 76.00; docena ;1;20/02/2025;0;0;1; S/. 144.00 ;alfa;
;R_0049;ANGULO C/REFUERZO;GEMA PERU;6X8 NEGRO;;S/ 30.48; DOCENA ;1;4/07/2024;0;0;1; S/. -   ;;
;R_0050;Angulo cama 2 1/2;EL PUMA;;S/ 6.00;S/ 3.00;JUEGO;6;;0;0;6; S/. 36.00 ;;
;R_0051;Angulo cama 3;;;S/ 8.00;; Juego(4) ;;;0;0;0; S/. -   ;;
;R_0052;Angulo cama 4;;;S/ 9.00;S/ 4.60; Juego(4) ;6;;0;0;6; S/. 54.00 ;;
;R_0053;Angulo con refuerzo 8 x 10 negro;;negro 8 x 10;S/ 120.00;S/ 76.00; docena ;;;0;0;0; S/. -   ;;
;R_0054;Angulo doble 4 huecos;4 huecos;40 x 40;S/ 44.00;S/ 24.00; ciento ;;19/02/2025;0;0;0; S/. -   ;;
;R_0055;Angulo doble 4 huecos;;50 x 50;;S/ 49.60; ciento ;;20/02/2025;0;0;0; S/. -   ;;
;R_0056;Angulo liviano;;1 1/2 x 1 1/2;;;;;11/02/2025;0;0;0; S/. -   ;;
;R_0057;Angulo liviano 1 x 1;;1 x 1 zincado;S/ 20.00;S/ 11.50; ciento ;2;24/03/2025;0;0;2; S/. 40.00 ;Negociaciones generales cia;
;R_0058;Angulo Perimetral;;drywall;S/ 10.00;S/ 5.10;;;;0;0;0; S/. -   ;;
;R_0059;Angulo Pesado 2x2;El puma;2x2;S/ 100.00;S/ 59.00; ciento ;2;24/03/2025;0;0;2; S/. 200.00 ;;
;R_0060;ANGULO PESADO 3x3 ;EL PUMA;3X3;S/ 130.00;S/ 86.00; CIENTO ;1;24/03/2025;0;0;1; S/. 130.00 ;;
;R_0061;"Aplicador Silicona 9""";INGCO;;S/ 13.00;S/ 8.60; unidad ;6;24/01/2025;0;0;6; S/. 78.00 ;;
;R_0062;arandela liv 1/4;;;S/ 12.00;S/ 6.00;Kg;25;;0;0;25; S/. 300.00 ;;
;R_0063;arandela liv 1/8 ;;zincado;S/ 14.00;; Kg ;10;;0;0;10; S/. 140.00 ;;
;R_0064;Arandela Neofreno 8;;;S/ 7.00;S/ 1.70;ciento;1;15/12/2025;0;0;1; S/. 7.00 ;;
;R_0065;Arandela neopreno 10;;;S/ 70.00;S/ 19.00; millar ;1;15/12/2025;0;0;1; S/. 70.00 ;negociaciones generales cia;
;R_0066;arandela Neopreno 12;;;S/ 70.00;S/ 20.00; millar ;2;20/02/2025;0;0;2; S/. 140.00 ;alfa;
;R_0067;Arandela pesada 1/4;;;S/ 12.00;S/ 6.00;Kg;1;;0;0;1; S/. 12.00 ;;
;R_0068;Arandela Pesada 3/8;;3/8 zincado;S/ 15.00;S/ 7.50; kg ;1;24/03/2025;0;0;1; S/. 15.00 ;Negociaciones generales cia;
;R_0069;ARANDELA PLANA PESADA ZINCADO;;1-Feb;;S/ 7.50; KG ;1;4/07/2024;0;0;1; S/. -   ;;
;R_0070;"Arco de sierra 12""";PRETUL;"M/AMARILLO 12""";S/ 18.00;S/ 11.36; unidad ;3;17/05/2024;0;0;3; S/. 54.00 ;;
;R_0071;"Arco de sierra 12""";INGCO;;S/ 30.00;S/ 23.00; unidad ;1;7/11/2025;0;0;1; S/. 30.00 ;alfa;
;R_0072;arco de sierra hhfs3068;INGCO;"300mm/ 12""";S/ 14.00;S/ 8.31; unidad ;3;16/12/2025;0;0;3; S/. 42.00 ;;
;R_0073;ARCODE SIERRA ;EUROTOOLS;;S/ 16.00;S/ 12.85; unidad ;6;11/10/2024;0;0;6; S/. 96.00 ;;
;R_0074;Armella C. 1 1/2;;;S/ 25.00;S/ 15.30; ciento ;1;20/02/2025;0;0;1; S/. 25.00 ;alfa;
;R_0075;armella cerrada 1 1/2;;;;S/ 15.50; ciento ;1;;0;0;1; S/. -   ;;
;R_0076;ASK09002 WINCHA PLASTICA CINTA METRICA 5M;;;S/ 7.00;S/ 5.09;;12;;0;0;12; S/. 84.00 ;;
;R_0077;atomizador;;chisguete rociador;S/ 2.00;;;15;;0;0;15; S/. 30.00 ;;
;R_0078;Azufre en polvo;derquin;kg;S/ 8.50;S/ 5.50;;;;0;0;0; S/. -   ;;
;R_0079;"Badilejo 7""";C&A;m/madera;S/ 6.00;S/ 3.00; unidad ;3;12/12/2024;0;0;3; S/. 18.00 ;ardiles;
;R_0080;Balanza 5Kg;;;S/ 20.00;S/ 13.90; unidad ;2;19/08/2024;0;0;2; S/. 40.00 ;Ferretools;
;R_0081;Baldosa vinil 60x60;;drywall;S/ 55.00;S/ 35.00;caja;;;0;0;0; S/. -   ;;
;R_0082;Barniz Marino;Issa;;S/ 56.00;S/ 46.00;GALON;4;1/07/2024;0;0;4; S/. 224.00 ;;
;R_0083;Barniz Marino;Paracas;;;;Gl;26;;0;0;26; S/. -   ;;
;R_0084;BARNIZ ROBLE;ISSA;PARA MADERA ROBLE;S/ 55.00;S/ 44.20; GALON ;4;1/07/2024;0;0;4; S/. 220.00 ;;
;R_0085;Barniz Roble;Martell;;;;Gl;1;;0;0;1; S/. -   ;;
;R_0086;Baygon espiral;baygon;mata mosquitos;S/ 0.70;S/ 0.34; unidad ;20;17/05/2024;0;0;20; S/. 14.00 ;;
;R_0087;Bencina solvente;derquin;galon 3.3L;S/ 22.00;S/ 18.00;und;4;;0;0;4; S/. 88.00 ;;
;R_0088;"Bisagra 1""";Halcon;Bisagra remachada;;;caja(12par);2;;0;0;2; S/. -   ;;
;R_0089;Bisagra 2 1/2;Sigma;2 1/2;;;caja(12par);1.4;;0;0;1.4; S/. -   ;;
;R_0090;Bisagra 4; ;P / escalera;S/ 10.00;S/ 6.50; par ;24;15/02/2025;0;0;24; S/. 240.00 ;;
;R_0091;Bisagra 6;;p/ Escalera;S/ 10.00;S/ 6.50; par ;12;24/02/2025;0;0;12; S/. 120.00 ;Negociaciones generales cia;
;R_0092;Bisagra Ajustable de reten;Aster;INTERIOR;;;unidad;3;;0;0;3; S/. -   ;;
;R_0093;Bisagra Capuch 3;Rino;caja 12 par;S/ 24.00;;caja(6par);17;;0;0;17; S/. 408.00 ;;
;R_0094;Bisagra Capuch 3;Rino;par(2 unid);S/ 4.50;;Par;;;0;0;0; S/. -   ;;
;R_0095;Bisagra Capuch 4;;"4""";;;caja(6par);5;;0;0;5; S/. -   ;;
;R_0096;"Bisagra Capuch 4""";Indusmel;;S/ 9.00;;Par;;;0;0;0; S/. -   ;;
;R_0097;"Bisagra Fija 1 1/2""";Halcon;"1 1/2""";;;caja(12par);2;;0;0;2; S/. -   ;;
;R_0098;"Bisagra fija 2 """;Indusmel;"2""";;;caja(12par);3;;0;0;3; S/. -   ;;
;R_0099;"Bisagra fija 2 1/2 """;;;;;;;;0;0;0; S/. -   ;;
;R_0100;Bisagra Fija 3 1/2;Rino;"3""";S/ 21.00;;caja(12par);2;;0;0;2; S/. 42.00 ;;
;R_0101;Bisagra fija 3 1/2;;3 1/2 alum;;S/ 29.00; docena ;;21/02/2025;0;0;0; S/. -   ;;
;R_0102;"BISAGRA FIJA 3""";;"ALUMINIZADA 3""";S/ 26.00;S/ 20.00; CAJA ;20;4/07/2024;0;0;20; S/. 520.00 ;;
;R_0103;"Bisagra Fija 4""";Indusmel;"4""";S/ 27.00;;caja(6par);1;;0;0;1; S/. 27.00 ;;
;R_0104;Bisagra Nylon;Fexaro;"3"" X 2 1/2""";;;unidad;1;;0;0;1; S/. -   ;;
;R_0105;Broca 1/2;hss;dorado;;S/ 7.40; unidad ;5;9/09/2024;0;0;5; S/. -   ;negociaciones generales;
;R_0106;Broca 1/4;EUROTOOLS;P/concreto 1/4;S/ 4.00;S/ 1.78; unidad ;10;1/05/2025;0;0;10; S/. 40.00 ;alfa;
;R_0107;Broca 1/8;hss;dorado;;S/ 0.75; unidad ;50;9/09/2024;0;0;50; S/. -   ;negociaciones generales;
;R_0108;Broca 3/16;;;S/ 3.00;S/ 1.10; unidad ;1;17/11/2025;0;0.25;0.75; S/. 2.25 ;;
;R_0109;BROCA 3/32;WINGS;METAL;S/ 2.00;S/ 0.65; UNIDAD ;10;11/07/2024;0;0;10; S/. 20.00 ;;
;R_0110;Broca 3/32;hss;dorado;;S/ 0.45; unidad ;20;9/09/2024;0;0;20; S/. -   ;negociaciones generales;
;R_0111;Broca 3/8;;dorado;;S/ 4.40; unidad ;5;24/03/2025;0;0;5; S/. -   ;Negociaciones generales cia;
;R_0112;Broca 5/16;EUROTOOLS;P/Concreto 5/16;S/ 6.00;S/ 2.50; unidad ;10;2/05/2025;0;0;10; S/. 60.00 ;alfa;
;R_0113;Broca 5/32;hss;dorado;;S/ 0.85; unidad ;40;9/09/2024;0;0;40; S/. -   ;negociaciones generales;
;R_0114;Broca 5/64;hss;dorado;;S/ 0.44; unidad ;20;9/09/2024;0;0;20; S/. -   ;negociaciones generales;
;R_0115;Broca 7/64;hss;dorado;;S/ 0.70; unidad ;20;9/09/2024;0;0;20; S/. -   ;negociaciones generales;
;R_0116;Broca concreto 1/4;eurotools;;S/ 4.00;S/ 1.78; unidad ;10;22/04/2025;0;0;10; S/. 40.00 ;;
;R_0117;Broca concreto 5/16;Eurotools;;S/ 5.00;S/ 2.50; unidad ;10;22/04/2025;0;0;10; S/. 50.00 ;;
;R_0118;Broca fierro 1/8;Eurotools;dorado;S/ 2.00;S/ 0.80; unidad ;10;21/02/2025;0;0;10; S/. 20.00 ;alfa;
;R_0119;Broca Fierro dorado 5/16;Eurotools;dorado;S/ 5.00;S/ 2.60; unidad ;10;21/02/2025;0;0;10; S/. 50.00 ;alfa;
;R_0120;broca hss 11/64;;;;S/ 1.00;;;;0;0;0; S/. -   ;;
;R_0121;broca hss 13/64;;;;S/ 1.25;;;;0;0;0; S/. -   ;;
;R_0122;broca hss 17/64;;;;S/ 1.90;;;;0;0;0; S/. -   ;;
;R_0123;broca hss 5/16;;;S/ 5.00;S/ 2.75; unidad ;50;9/09/2024;0;0;50; S/. 250.00 ;negociaciones generales;
;R_0124;broca hss 7/32;;;;S/ 1.30;;;;0;0;0; S/. -   ;;
;R_0125;broca hss 9/64;eurotools;P/Fierro dorado ;S/ 2.00;S/ 0.85; unidad ;10;22/04/2025;0;0;10; S/. 20.00 ;alfa;
;R_0126;"Brocha 1 1/2 """;Pionero;Mango naranja;S/ 2.00;;;1;;0;0;1; S/. 2.00 ;;
;R_0127;"Brocha 1""";Pionero;Mango naranja;S/ 1.70;;;9;;0;0;9; S/. 15.30 ;;
;R_0128;Brocha 1/2;eco;M/Madera;S/ 1.50;S/ 0.80;;12;1/04/2024;0;0;12; S/. 18.00 ;;
;R_0129;Brocha 1/2;Pionero;Mango naranja;S/ 1.00;;;6;;0;0;6; S/. 6.00 ;;
;R_0130;"Brocha 2 1/2""";Pionero;Mango naranja;S/ 4.50;;;1;;0;0;1; S/. 4.50 ;;
;R_0131;"BROCHA 2""";C&A;BROCHA DENYLON;S/ 4.00;S/ 1.49; unidad ;12;28/06/2024;0;0;12; S/. 48.00 ;;
;R_0132;"Brocha 3""";Pionero;Mango naranja;S/ 6.00;;;3;;0;0;3; S/. 18.00 ;;
;R_0133;"Brocha 3""";Tumi;mangoNegro;S/ 19.00;;;5;;0;0;5; S/. 95.00 ;;
;R_0134;"Brocha 3""";C&A;mango azul;S/ 5.00;;;5;;0;0;5; S/. 25.00 ;;
;R_0135;"Brocha 3/4""";Pionero;Mango naranja;S/ 1.50;;;4;;0;0;4; S/. 6.00 ;;
;R_0136;"Brocha 4""";C & A;De Nylon M/Madera;S/ 7.50;S/ 3.74; unidad ;6;17/05/2024;0;0;6; S/. 45.00 ;;
;R_0137;"Brocha 4""";Tumi;mango Negro;S/ 26.00;;;5;;0;0;5; S/. 130.00 ;;
;R_0138;"Brocha 5""";Pionero;Mango naranja;S/ 9.00;;;4;;0;0;4; S/. 36.00 ;;
;R_0139;BRONCE 1/2;;;S/ 6.00;S/ 2.50; unidad ;6;7/10/2024;0;0;6; S/. 36.00 ;;
;R_0140;‡;Fabina Constructor;4 X 40;S/ 30.00;S/ 26.00;millar;1;;0;0;1; S/. 30.00 ;;
;R_0141;c Scolta 120;cerradura;chapa 2 golpes;S/ 41.00;;unidad;2;;0;0;2; S/. 82.00 ;;
;R_0142;C Scolta 124;scolta;2 G cerradura blindada;S/ 45.00;S/ 35.00;;17;12/09/2024;0;0;17; S/. 765.00 ;cerradiras nacionales travex;
;R_0143;c Scolta 900;cerradura;Chapa 3 golpes;;;unidad;1;;0;0;1; S/. -   ;;
;R_0144;C travex 130;cerradura;Chapa 2 golpes;S/ 46.00;;unidad;2;;0;0;2; S/. 92.00 ;;
;R_0145;C Travex 333;travex;3 G cerradura blindada;S/ 55.00;S/ 43.00;;10;12/09/2024;0;0;10; S/. 550.00 ;cerraduras nacionales travex;
;R_0146;C Travex111;cerradura;chapa 2 golpes;;;;6;;0;0;6; S/. -   ;;
;R_0147;c Yanes 112B;cerradura;chapa 2 golpes;S/ 18.00;;unidad;38;;0;0;38; S/. 684.00 ;;
;R_0148;c Yanes 558B;cerradura;chapa 3 golpes;S/ 22.00;;;72;;0;0;72; S/. 1,584.00 ;;
;R_0149;cable;phelix;16AWG 16H 200/500v;S/ 2.00;;m;100;;0;0;100; S/. 200.00 ;;
;R_0150;Cable;indeco negro;THW90 450/750V 12AWG;S/ 2.20;;m;100;;0;0;100; S/. 220.00 ;;
;R_0151;cable;phelix;14 awg 14H 200/500V;S/ 1.00;;m;24;;0;0;24; S/. 24.00 ;;
;R_0152;Cable;Indeco;03/05kv2X16AWG gris;S/ 1.20;;m;15.5;;0;0;15.5; S/. 18.60 ;;
;R_0153;Cable;indeco rojo;THW-90 450/750V 14AWG;S/ 1.20;;m;80;;0;0;80; S/. 96.00 ;;
;R_0154;cable;indeco;03/05kv2X14AWG gris;S/ 1.40;;m;90;;0;0;90; S/. 126.00 ;;
;R_0155;cable;indeco rojo;TW80 450/750V 14AWG;S/ 1.20;;m;40;;0;0;40; S/. 48.00 ;;
;R_0156;Cable;indeco blanco;NH-80 450/750V 4mm2;S/ 1.80;;m;100;;0;0;100; S/. 180.00 ;;
;R_0157;Cable;Indeco blanco;THW90 450/750V 12AWG;S/ 1.40;;m;100;;0;0;100; S/. 140.00 ;;
;R_0158;cable acerado;eurotools;colgador;S/ 22.00;S/ 15.73; metro ;1;17/09/2024;0;0;1; S/. 22.00 ;ALFA;
;R_0159;cable vulcanizado;indeco;2X14 AWG NEGRO;S/ 6.00;S/ 3.50; METRO ;100;7/10/2024;0;0;100; S/. 600.00 ;;
;R_0160;CAJA DE 2 POLOS ADOSABLE;;;S/ 6.00;S/ 2.70; unidad ;6;13/02/2024;0;0;6; S/. 36.00 ;;
;R_0161;Caja Modular P/instalacion;COASPA;Caja p/ llave termica monof;S/ 5.00;;unidad;4;;0;0;4; S/. 20.00 ;;
;R_0162;caja Octagonal PVC;;;S/ 1.00;S/ 0.40; unidad ;100;2/09/2025;0;0;100; S/. 100.00 ;alfa;
;R_0163;caja P/llave termica monofasica;APG Electric;;S/ 8.50;;unidad;5;;0;0;5; S/. 42.50 ;;
;R_0164;caja P/llave termica trifasica;KBA;Caja p/ instalaciones de superficie;;;unidad;1;;0;0;1; S/. -   ;;
;R_0165;Caja para Medidor PVC Nacional;;;S/ 30.00;S/ 21.00; unidad ;1;2/09/2025;0;0;1; S/. 30.00 ;alfa;
;R_0166;CAJA PASE 4X4;;100X100 PVC;S/ 5.50;S/ 3.20; unidad ;6;17/09/2024;0;0;6; S/. 33.00 ;ALFA;
;R_0167;Caja Rectangular;;Luz;S/ 80.00;S/ 48.00; ciento ;1;2/04/2025;0;0;1; S/. 80.00 ;fabrode;
;R_0168;Cal nieve;Derquin;Desinfectante Natural;S/ 2.50;S/ 1.20;kg;5;;0;0;5; S/. 12.50 ;;
;R_0169;Calamina GALV;jr;3.6X0.14;S/ 16.00;S/ 13.00;unidad;30;25/06/2024;0;0;30; S/. 480.00 ;;
;R_0170;Calamina GALV;;3.6X0.18;S/ 25.00;;;;;0;0;0; S/. -   ;;
;R_0171;Calamina GALV;;3.6X0.20;;;;;;0;0;0; S/. -   ;;
;R_0172;Calamina GALV;;3.6X0.22;S/ 30.00;;;;;0;0;0; S/. -   ;;
;R_0173;Calamina GALV;;3.6X0.25;;;;;;0;0;0; S/. -   ;;
;R_0174;Calamina GALV;;3.6X0.30;S/ 49.00;;;;;0;0;0; S/. -   ;;
;R_0175;Calamina ROJO;;3.6X0.22;S/ 30.00;;unidad;;;0;0;0; S/. -   ;;
;R_0176;Calamina Trapezoidal 0.22;;Tr6 rojo 3.60x1.10x0.22;S/ 36.00;S/ 32.00; unidad ;100;20/05/2024;0;0;100; S/. 3,600.00 ;;
;R_0177;canaleta c/ sum;galv;3m;S/ 20.00;S/ 12.00;;;;0;0;0; S/. -   ;;
;R_0178;canaleta s/sum;galv;3m;S/ 18.00;S/ 11.00;;;;0;0;0; S/. -   ;;
;R_0179;Candado 30 MM;EUROTOOLS;HB011-1;S/ 6.00;S/ 2.25; unidad ;12;25/04/2025;0;0;12; S/. 72.00 ;alfa;
;R_0180;candado 30mm;prescot;acero;S/ 7.00;S/ 5.07; unidad ;6;19/02/2024;0;0;6; S/. 42.00 ;;
;R_0181;candado 40mm;prescot;acero;S/ 8.00;S/ 5.90; unidad ;6;19/02/2024;0;0;6; S/. 48.00 ;;
;R_0182;Candado 50 MM;EUROTOOLS;HB011-3;S/ 9.00;S/ 4.75; unidad ;12;23/04/2025;0;0;12; S/. 108.00 ;alfa;
;R_0183;Candado 60 MM;EUROTOOLS;HB011-4;S/ 12.00;S/ 6.70; unidad ;3;24/04/2025;0;0;3; S/. 36.00 ;alfa;
;R_0184;Candado anti cizalla 80 MM;INGCO;;S/ 50.00;S/ 40.00; unidad ;1;7/11/2025;0;0;1; S/. 50.00 ;alfa;
;R_0185;candado dor 60 mm;EUROTOOLS;60 mm;S/ 10.00;S/ 6.70; unidad ;3;28/03/2025;0;0;3; S/. 30.00 ;;
;R_0186;candado dor 75 mm;EUROTOOLS;75 mm;S/ 13.00;S/ 9.80; unidad ;3;29/03/2025;0;0;3; S/. 39.00 ;;
;R_0187;Capucha;;rojo;S/ 6.00;S/ 2.00;ciento;8;;0;0;8; S/. 48.00 ;;
;R_0188;Capucha;;gris;S/ 6.00;S/ 2.00;ciento;6.5;;0;0;6.5; S/. 39.00 ;;
;R_0189;Cautil 100 W;INGCO;regulable;S/ 26.00;S/ 20.30; unidad ;1;7/11/2025;0;0;1; S/. 26.00 ;alfa;
;R_0190;"Cepillo de copa de alambre 2"" WB30501";INGCO;"2""";S/ 4.50;S/ 2.18; unidad ;3;17/10/2025;0;0;3; S/. 13.50 ;alfa;
;R_0191;"Cepillo de copa de alambre 3"" WB30751";INGCO;3;S/ 5.00;S/ 2.64; unidad ;3;17/10/2025;6;0;9; S/. 45.00 ;;
;R_0192;Cera al Agua;Worsal;rojo;S/ 10.00;;Gl;3;;0;0;3; S/. 30.00 ;;
;R_0193;Cera al Agua;worsal;Blanco cono;S/ 10.00;;Gl;1;;0;0;1; S/. 10.00 ;;
;R_0194;ceradura perilla;wailec;;S/ 14.00;S/ 9.00;;36;;0;0;36; S/. 504.00 ;;
;R_0195;cerradura 2 golpe;phelix;;S/ 19.00;S/ 16.00;;30;;0;0;30; S/. 570.00 ;;
;R_0196;cerradura Andina Forte A130;Andina Forte A130;Chapa 2 golpes;;;unidad;4;;0;0;4; S/. -   ;;
;R_0197;Cerradura de Manija Cerrafor Peru;Cerrafor Peru ;Caja amarilla ;S/ 14.00;;unidad;1;;0;0;1; S/. 14.00 ;;
;R_0198;cerradura For Peru 559B;For Peru 559B;chapa 2 golpes;S/ 16.00;;;31;;0;0;31; S/. 496.00 ;;
;R_0199;cerradura For Peru TC2373A;For Peru TC2373A;chapa 3 golpes;S/ 23.00;;;11;;0;0;11; S/. 253.00 ;;
;R_0200;Cerradura Forte Bunker 240N;Forte Bunker 240N;Chapa 3 gopes ;S/ 75.00;;;4;;0;0;4; S/. 300.00 ;;
;R_0201;Cerradura interior Forte;Forte;Forte BP-007;S/ 35.00;;unidad;1;;0;0;1; S/. 35.00 ;;
;R_0202;CERROJO SANSON;CABALLITO;#03 FAMILIAR;;S/ 34.50; DOCENA ;2;4/07/2024;0;0;2; S/. -   ;;
;R_0203;CERROJO SANSON;;#02 Mediano;;S/ 17.20; DOCENA ;;;0;0;0; S/. -   ;;
;R_0204;CERROJO SANSON;;#01 BB;;S/ 14.00;DOCENA;;;0;0;0; S/. -   ;;
;R_0205;cerrojo trop 2;;2;S/ 2.00;S/ 0.60; unidad ;;16/02/2025;0;0;0; S/. -   ;;
;R_0206;cerrojo V trop 1 1/2;;1.5;;S/ 0.42;;;;0;0;0; S/. -   ;;
;R_0207;chinches;;;S/ 20.00;S/ 15.00; millar ;1;2/04/2025;0;0;1; S/. 20.00 ;jupiter;
;R_0208;Cinta aislante;Pegafan;810 tecnofan 3/4x5 Yardas;S/ 2.00;S/ 1.10; unidad ;10;12/12/2024;0;0;10; S/. 20.00 ;ardiles;
;R_0209;Cinta aislante;3M;3/4 x 4.5 m;S/ 3.00;S/ 1.70; unidad ;20;12/12/2024;0;0;20; S/. 60.00 ;ardiles;
;R_0210;Cinta Aislante ;Pegafan;820 tecnofan 3/4x20 yardas;S/ 5.00;S/ 3.50; unidad ;10;12/12/2024;0;0;10; S/. 50.00 ;ardiles;
;R_0211;Cinta aislante ;3M;3/4 x 18 m;S/ 5.50;S/ 3.70; unidad ;20;12/12/2024;0;0;20; S/. 110.00 ;ardiles;
;R_0212;Cinta aislante chico;Tecnofan;;S/ 2.50;S/ 1.30;;;2/05/2024;0;0;0; S/. -   ;;
;R_0213;Cinta aislante chico;3M;;S/ 3.00;;unidad;14;;0;0;14; S/. 42.00 ;;
;R_0214;Cinta aislante grande;economico;;S/ 4.50;;;;;0;0;0; S/. -   ;;
;R_0215;Cinta aislante grande;3M;;S/ 6.00;;unidad;2;;0;0;2; S/. 12.00 ;;
;R_0216;Cinta aislante Negro pvc;INGCO;10 yardas x 18 mm;S/ 1.50;S/ 0.85; unidad ;10;7/11/2025;0;0;10; S/. 15.00 ;alfa;
;R_0217;CINTA DOBLE CONTACTO;KNAUFF;19MMX2.5MM;S/ 4.50;S/ 2.15; unidad ;6;28/06/2024;0;0;6; S/. 27.00 ;;
;R_0218;cinta embalaje;knauff;2x20Yardas;S/ 1.50;S/ 0.80; unidad ;10;12/12/2024;0;0;10; S/. 15.00 ;ardiles;
;R_0219;cinta embalaje;knauff;2x55 yardas ;S/ 3.50;S/ 2.20; unidad ;10;12/12/2024;0;0;10; S/. 35.00 ;ardiles;
;R_0220;Cinta embalaje 42 m;;42x45mm;S/ 4.00;S/ 1.40; unidad ;50;28/02/2025;0;0;50; S/. 200.00 ;;
;R_0221;"CINTA MASKING 1""";PEGAFAN;"1""X30YDS";S/ 4.50;S/ 2.78; unidad ;25;28/06/2024;0;0;25; S/. 112.50 ;;
;R_0222;Cinta masking 550;Pegafan;1/2 x 30;S/ 2.50;S/ 1.60; unidad ;12;31/10/2025;0;0;12; S/. 30.00 ;camver;
;R_0223;Cinta masking 550;Pegafan;1 x 30;S/ 5.00;S/ 3.10; unidad ;6;31/10/2025;0;0;6; S/. 30.00 ;camver;
;R_0224;CINTA MASKING PRO 3/4;PEGAFAN;"3/4""X30YDS";S/ 3.50;S/ 2.08; unidad ;25;28/06/2024;0;2;23; S/. 80.50 ;;
;R_0225;clavo 1;tanker;disparo;S/ 10.00;S/ 3.50; unidad ;70;30/09/2025;0;0;70; S/. 700.00 ;Jorge ramirez;
;R_0226;Clavo 1 1/2 X 15 c/c;;1 1/2 X 15 c/c;S/ 182.00;S/ 162.00;caja(30kg);185;9/08/2024;0;0;185; S/. 33,670.00 ;;
;R_0227;Clavo 1 1/2 x 15 s/c;;1 1/2 x 15 s/c;S/ 7.50;;;45;;0;0;45; S/. 337.50 ;;
;R_0228;Clavo 1 1/4 X 15 c/c;;1 1/4 X 15 c/c;S/ 8.00;S/ 164.00;caja(30kg);10;;0;0;10; S/. 80.00 ;;
;R_0229;clavo 1 1/4 X 15 s/c;;1 1/4 X 15 s/c;S/ 7.50;;;30;;0;0;30; S/. 225.00 ;;
;R_0230;Clavo 1 X 16 c/c;;1 X 16 c/c;S/ 10.00;;kg;34;;0;0;34; S/. 340.00 ;;
;R_0231;"Clavo 1""  x 16s/c";;"1""  x 16s/c";S/ 10.00;;kg;5.5;;0;0;5.5; S/. 55.00 ;;
;R_0232;Clavo 2 1/2 X 10 c/c;;21/2 X 10 c/c;S/ 7.00;;kg;30;;0;0;30; S/. 210.00 ;;
;R_0233;Clavo 2 1/2 X 12 c/c;;21/2 X 12 c/c;S/ 7.50;;kg;63;;0;0;63; S/. 472.50 ;;
;R_0234;Clavo 2 1/2 X 13 C/c;;21/2 X 13 C/c;S/ 7.50;;kg;43;;0;0;43; S/. 322.50 ;;
;R_0235;Clavo 2 1/2 X 13 s/c ;;2 1/2 X 13 s/c ;S/ 7.50;;kg;7.4;;0;0;7.4; S/. 55.50 ;;
;R_0236;Clavo 2 X 12 c/c;;2 X 12 c/c;S/ 7.50;;kg;58;;0;0;58; S/. 435.00 ;;
;R_0237;Clavo 2 X 13 c/c;;2 X 13 c/c;S/ 7.50;;kg;38;;0;0;38; S/. 285.00 ;;
;R_0238;Clavo 3 X 12 c/c;;3 X 12 c/c;;;kg;40;;0;0;40; S/. -   ;;
;R_0239;Clavo 3 X 12 S/c;;3 X 12 S/c;;;kg;75;;0;0;75; S/. -   ;;
;R_0240;Clavo 3 X 9 c/c;;3 X 9 c/c;;;kg;60;;0;0;60; S/. -   ;;
;R_0241;Clavo 3/4 X 17 c/c;;3/4 X 17 c/c;;;kg;14;;0;0;14; S/. -   ;;
;R_0242;clavo 3/4 X 18 s/c;;3/4 X 18 s/c;;;kg;23.8;;0;0;23.8; S/. -   ;;
;R_0243;Clavo 4X7 c/c;;4X7 c/c;;;kg;60;;0;0;60; S/. -   ;;
;R_0244;Clavo 5 X 6 c/c;;5 X 6 c/c;;;kg;38.3;;0;0;38.3; S/. -   ;;
;R_0245;Clavo 5 X 6 c/c;;5 X 6 c/c;S/ 5.00;;kg;30;;0;0;30; S/. 150.00 ;;
;R_0246;Clavo acero;barco;3.5 X 65 mm;;S/ 7.50;kg;8.3;;0;0;8.3; S/. -   ;;
;R_0247;Clavo acero;clavo vertical;4.3 X 100mm ;;S/ 7.50;caja(500gr);6;;0;0;6; S/. -   ;;
;R_0248;Clavo acero;Mejia;4.3 X 75 mm;;S/ 7.50;caja(500gr);5.2;;0;0;5.2; S/. -   ;;
;R_0249;Clavo acero;barco;4 X 75 mm;;S/ 7.50;caja(500gr);3;;0;0;3; S/. -   ;;
;R_0250;Clavo acero;clavo vertical;4.3X5;;S/ 7.50;caja(500gr);5;;0;3;2; S/. -   ;;
;R_0251;Clavo acero;clavo vertical;3.5X50mm;S/ 12.00;S/ 7.50;caja(500gr);16;;0;0;16; S/. 192.00 ;;
;R_0252;Clavo acero;liso ;2.0X25mm negro;S/ 10.50;;caja(500gr);2;;0;0;2; S/. 21.00 ;;
;R_0253;Clavo acero;Mejia;2.7 X 40 mm;;;caja(500gr);2;;0;0;2; S/. -   ;;
;R_0254;Clavo acero;Mejia;2.7 X 30 mm;;;caja(500gr);1.4;;0;0;1.4; S/. -   ;;
;R_0255;clavo acero;;;;;;;;0;0;0; S/. -   ;;
;R_0256;Clavo calamina 2;;"2"" calamina";;;kg;158.4;;0;0;158.4; S/. -   ;;
;R_0257;Clavo calamina 2 1/2;;"2 1/2"" eternit";;;kg;100;;0;0;100; S/. -   ;;
;R_0258;"Clavo calamina 2""";eurotools;con arandela neo;S/ 8.00;S/ 5.84; kg ;25;23/08/2024;0;0;25; S/. 200.00 ;ALFA;
;R_0259;"Clavo de disparado 1 1/2""";;;;;;;;0;0;0; S/. -   ;;
;R_0260;"Clavo de disparado 1""";;;;;;;;0;0;0; S/. -   ;;
;R_0261;Clavo de disparado 3/4;;;S/ 17.00;S/ 14.00;caja(100pzs);1;;0;0;1; S/. 17.00 ;;
;R_0262;"CLAVO DISPARO 1 1/2""";;;S/ 15.00;S/ 9.00; unidad ;25;28/08/2024;0;0;25; S/. 375.00 ;brandon;
;R_0263;"CLAVO DISPARO 1""";;;S/ 12.00;S/ 5.00; unidad ;25;28/08/2024;0;0;25; S/. 300.00 ;brandon;
;R_0264;Clavo disparo 3/4;;;S/ 11.00;S/ 7.00; ciento ;4;17/11/2025;0;0;4; S/. 44.00 ;;
;R_0265;"Clavo liso negro 1 "" ";barco;;S/ 12.00;S/ 7.50; caja ;1;15/12/2025;0;0;1; S/. 12.00 ;negociaciones generales cia;
;R_0266;clavo liso negro 1 1/2;;;S/ 12.00;S/ 7.50;;;;0;0;0; S/. -   ;;
;R_0267;Clavo liso negro 2;;;S/ 12.00;S/ 7.50; caja ;1;15/12/2025;0;0;1; S/. 12.00 ;;
;R_0268;Clavo Vertical;;2 1/2;S/ 12.00;S/ 7.50;;;7/02/2025;0;0;0; S/. -   ;;
;R_0269;Clavo Vertical;;3 1/2;S/ 12.00;S/ 7.50;;;8/02/2025;0;0;0; S/. -   ;;
;R_0270;coa cola;;bebidas golosinas;;;;;;0;0;0; S/. -   ;;
;R_0271;coca cola;;bebidas golosinas;;;;;;0;0;0; S/. -   ;;
;R_0272;coca cola ;;bebidas golosinas;;;;;;0;0;0; S/. -   ;;
;R_0273;coca COLA 1.5L No Ret;;bebidas golosinas;;;;;;0;0;0; S/. -   ;;
;R_0274;Coca cola 1L No ret;;bebidas golosinas;;;;;;0;0;0; S/. -   ;;
;R_0275;Coca cola 2L No Ret;;bebidas golosinas;;;;;;0;0;0; S/. -   ;;
;R_0276;Coca cola 3l No ret;;bebidas golosinas;;;;;;0;0;0; S/. -   ;;
;R_0277;CODO 1/2;PAVCO;AGUA;S/ 2.50;S/ 1.00; unidad ;24;7/10/2024;0;0;24; S/. 60.00 ;;
;R_0278;Codo 1/2 bronce;Eurotools;bronce;S/ 4.50;S/ 2.74; unidad ;20;24/01/2025;0;0;20; S/. 90.00 ;alfa;
;R_0279;"CODO 2""";;;S/ 4.00;S/ 1.20; unidad ;24;7/10/2024;0;0;24; S/. 96.00 ;;
;R_0280;COLA EXTRA;ORIENTAL;1 KG;S/ 11.00;S/ 8.00; KG ;10;21/03/2024;0;0;10; S/. 110.00 ;;
;R_0281;Cola s Clasica tek Gl;Tekno;;S/ 21.00;;Gl;4;;0;0;4; S/. 84.00 ;;
;R_0282;Cola s Clasica Tek1Kg;Tekno;Cola sintetica;S/ 6.50;;unidad;23;;0;0;23; S/. 149.50 ;;
;R_0283;Cola s Extra Tek 1Kg;Tekno; ;S/ 9.20;;unidad;7;;0;0;7; S/. 64.40 ;;
;R_0284;Cola s Extra Tek Gl;Tekno;;S/ 30.00;;Gl;5;;0;0;5; S/. 150.00 ;;
;R_0285;Cola s Ultra Tek Gl;Tekno;;S/ 34.00;;Gl;3;;0;0;3; S/. 102.00 ;;
;R_0286;Cola Sint ec 1 kg;Pegsa;;S/ 7.00;S/ 4.40;;12;;0;0;12; S/. 84.00 ;;
;R_0287;Cola Sint ec extra 1Kg;pegsa;;S/ 9.00;S/ 7.00;;12;;0;0;12; S/. 108.00 ;;
;R_0288;Cola Sint eco 4Kg;Pegsa;;S/ 20.00;S/ 17.50;;4;;0;0;4; S/. 80.00 ;;
;R_0289;Cola Sint ultra 1 kg;Pegsa;;S/ 11.50;S/ 8.00;;12;;0;0;12; S/. 138.00 ;;
;R_0290;Cola Sint ultra 4 kg;Pegsa;;S/ 37.00;S/ 32.00; unidad ;8;29/10/2024;0;0;8; S/. 296.00 ;ALFA;
;R_0291;Cola sintetica;Derquin;galon;S/ 19.00;S/ 16.00;Gl;1;;0;0;1; S/. 19.00 ;;
;R_0292;COLGADOR 1 1/2;EL PUMA;;S/ 1.00;S/ 7.50; CIENTO ;1;4/07/2024;0;0;1; S/. 1.00 ;;
;R_0293;COLGADOR 2;EL PUMA;;S/ 1.00;S/ 11.20; CIENTO ;1;4/07/2024;0;0;1; S/. 1.00 ;;
;R_0294;Conector RG;;Cable Tv;S/ 100.00;S/ 30.00; ciento ;1;2/04/2025;0;0;1; S/. 100.00 ;jupiter;
;R_0295;Conector T coaxial;;Cable Tv;S/ 6.00;S/ 2.80; unidad ;12;2/04/2025;0;0;12; S/. 72.00 ;jupiter;
;R_0296;Conector utp ;eurolite;;S/ 0.29;S/ 29.00; unidad ;100;8/07/2025;0;0;100; S/. 29.00 ;;
;R_0297;Cordel plastico;;soga plastico;;;;4;;0;0;4; S/. -   ;;
;R_0298;CUCHILLA ROUTER REBAJADOR;TRUPER;ROUTER REBAJADOR 1 1/4;S/ 25.00;S/ 19.25; unidad ;3;28/06/2024;0;0;3; S/. 75.00 ;;
;R_0299;cuter cuchilla;;cuter cuchilla;S/ 1.00;;unidad;100;;0;0;100; S/. 100.00 ;;
;R_0300;CUTTER;EUROTOOLS;;S/ 1.20;S/ 0.63; unidad ;24;17/09/2024;0;0;24; S/. 28.80 ;ALFA;
;R_0301;Desague A inox;ALFA;;S/ 9.00;S/ 5.70; unidad ;4;24/01/2025;0;0;4; S/. 36.00 ;;
;R_0302;Desarmador 6 en 1;Ingco;;S/ 8.50;S/ 6.50; unidad ;2;29/11/2024;0;0;2; S/. 17.00 ;ALFA;
;R_0303;"Desarmador pesado reversible 3""";EUROTOOLS;;S/ 72.00;S/ 25.00; CAJA(24) ;1;16/12/2025;0;0;1; S/. 72.00 ;;
;R_0304;"Desarmador rev 4""";EUROTOOLS;alf-198 pesado;S/ 4.00;S/ 1.40; unidad ;24;22/04/2025;0;0;24; S/. 96.00 ;alfa;
;R_0305;"Desarmador rev 4""";eurotools;Pesado;S/ 3.50;S/ 1.40; docena ;24;22/04/2025;0;0;24; S/. 84.00 ;;
;R_0306;Desarmador reversible ;C&A;6x90;S/ 3.50;S/ 1.35; unidad ;12;12/12/2024;0;0;12; S/. 42.00 ;ardiles;
;R_0307;"Disco concreto diamond 4 1/2""x7/8""";Almos;"concreto 4 1/2""x7/8""";S/ 8.00;;unidad;5;;0;0;5; S/. 40.00 ;;
;R_0308;Disco corte 4 1/2;alfa;;S/ 3.00;S/ 1.50; unidad ;10;17/09/2024;0;0;10; S/. 30.00 ;;
;R_0309;"Disco corte madera 4 1/2""x 24T";Hefesto;"madera 4 1/2""x24T   ";S/ 8.00;;unidad;9;;0;1.75;7.25; S/. 58.00 ;;
;R_0310;"Disco corte maderA 7 1/4""x 24T";UYUSTOOLS;"maderA 7 1/4""x24T";S/ 18.00;;;14;;0;0;14; S/. 252.00 ;;
;R_0311;"Disco corte madera 7 1/4""x 40T";UYUSTOOLS;"madera 7 1/4""x40T";S/ 18.00;S/ 12.80;unidad;50;;0;0;50; S/. 900.00 ;;
;R_0312;"Disco corte metal 4 1/2"" x 1.2mm";Pretul;metal 4 1/2;S/ 3.00;S/ 1.21; unidad ;10;;0;0;10; S/. 30.00 ;;
;R_0313;"Disco corte metal 4 1/2""x1/8""x7/8""";Norton;"metal 4 1/2""x1/8""x7/x8""";;;unidad;23;;0;1;22; S/. -   ;;
;R_0314;"Disco corte metal 4 1/2""x3/64""x7/8""";Norton;"metal 4 1/2""x3/64""x7/x8""";S/ 5.00;S/ 3.04;UNIDAD;50;9/07/2024;0;0;50; S/. 250.00 ;;
;R_0315;"Disco corte metal 4 1/2""x3/64""x7/8""";tolsen;"4 1/2""x3/64""x7/8""";S/ 3.00;;unidad;11;;0;0;11; S/. 33.00 ;;
;R_0316;"Disco corte Metal 7""x1/16""x7/8""";Norton;"Metal 7""x1/16""x7/x8""";S/ 8.00;;unidad;13;;0;0;13; S/. 104.00 ;;
;R_0317;disco de corte 4 1/2;Ingco;;S/ 2.00;S/ 0.86; unidad ;50;21/02/2025;0;0;50; S/. 100.00 ;alfa;
;R_0318;Disco de madera 4 1/2x40T;eurotools;;S/ 8.00;S/ 3.92; unidad ;12;25/03/2025;0;0;12; S/. 96.00 ;alfa;
;R_0319;Disco desbaste;tolsen;4 1/2x1/4x7/8;S/ 5.00;S/ 3.20; UNIDAD ;;;0;0;0; S/. -   ;;
;R_0320;Disco desbaste;norton;4 1/2x1/4x7/8;S/ 8.50;S/ 6.30; UNIDAD ;;;0;0;0; S/. -   ;;
;R_0321;Disco Diamante 4 1/2;INGCO;4 1/2 X 7.5MM;S/ 10.00;S/ 5.30; unidad ;6;23/08/2024;0;0;6; S/. 60.00 ;ALFA;
;R_0322;Disco Diamante 7 1/4;INGCO;concreto 7,5 mm;S/ 20.00;S/ 13.90; unidad ;3;3/06/2025;0;0;3; S/. 60.00 ;alfa;
;R_0323;DISCO FLAP 4 1/2 N40;EUROTOOLS;LIJA AZUL;S/ 4.50;S/ 2.25; unidad ;10;11/10/2024;0;0;10; S/. 45.00 ;ALFA;
;R_0324;DISCO FLAP 4 1/2 N40;EUROTOOLS;LIJA ROJA;S/ 4.00;S/ 1.80; unidad ;10;11/10/2024;0;0;10; S/. 40.00 ;ALFA;
;R_0325;DISCO FLAP 4 1/2 N60;EUROTOOLS;LIJA ROJA;S/ 4.00;S/ 1.80; unidad ;10;11/10/2024;0;0;10; S/. 40.00 ;ALFA;
;R_0326;Disco Plato 4 1/2 5 lijas;Eurotools;p7amoladora;S/ 6.00;S/ 3.33; unidad ;12;8/07/2025;0;0;12; S/. 72.00 ;;
;R_0327;Disco plato 7 1/4;Eurotools;c/5 lijas;S/ 10.00;S/ 5.83; unidad ;12;2/09/2025;0;0;12; S/. 120.00 ;;
;R_0328;EJE P/SIERRA COPA 1 1/4;TRUPER;mandril  para broca;S/ 17.00;S/ 13.10; unidad ;1;28/06/2024;0;0;1; S/. 17.00 ;;
;R_0329;Encendedor;chino;;S/ 1.20;S/ 0.80;unidad;50;2/04/2025;0;0;50; S/. 60.00 ;Jupiter;
;R_0330;enchufe;;negro plano|;S/ 1.20;;unidad;28;;0;0;28; S/. 33.60 ;;
;R_0331;enchufe amarillo;electroenchufe;hembra;S/ 10.00;;unidad;5;;0;0;5; S/. 50.00 ;;
;R_0332;enchufe amarillo;electroenchufe;macho;S/ 10.00;;unidad;2;;0;0;2; S/. 20.00 ;;
;R_0333;enchufe Colores;economico;punta plana;S/ 2.50;;unidad;28;;0;0;28; S/. 70.00 ;;
;R_0334;enchufe Colores;economico;punta redonda;S/ 2.50;;unidad;7;;0;0;7; S/. 17.50 ;;
;R_0335;ENCHUFE COLORES;EUROLITE;15A PLANA;S/ 2.00;S/ 1.00; unidad ;24;11/10/2024;0;0;24; S/. 48.00 ;ALFA;
;R_0336;enchufe industrial;Home Light;s/tierra;S/ 4.00;S/ 1.27; unidad ;6;5/05/2024;0;0;6; S/. 24.00 ;;
;R_0337;enchufe industrial;Volteck;s/tierra;S/ 4.50;S/ 1.79; unidad ;6;5/05/2024;0;0;6; S/. 27.00 ;;
;R_0338;Enchufe Industrial;Volteck;;S/ 3.50;S/ 2.20; unidad ;15;12/12/2024;0;0;15; S/. 52.50 ;ardiles;
;R_0339;enchufe industrial ;;hembra;;;unidad;1;;0;0;1; S/. -   ;;
;R_0340;enchufe negro amarillo;;macho;S/ 4.00;;unidad;11;;0;0;11; S/. 44.00 ;;
;R_0341;enchufe negro amarillo;;hembra;S/ 4.00;;unidad;1;;0;0;1; S/. 4.00 ;;
;R_0342;enchufe triple;;enchufetriple;S/ 2.00;;unidad;17;;0;0;17; S/. 34.00 ;;
;R_0343;enchufe vision plano;vision;colores;S/ 4.00;S/ 2.80;unidad;;;0;0;0; S/. -   ;;
;R_0344;Envase 1/2GL;;matizados;S/ 1.50;S/ 1.15; unidad ;10;23/08/2024;0;0;10; S/. 15.00 ;ALFA;
;R_0345;Envase 1/4GL;;matizados;S/ 1.50;S/ 0.93; unidad ;20;23/08/2024;0;0;20; S/. 30.00 ;ALFA;
;R_0346;"Escobilla circular alambre 2"" WB40501";INGCO;;S/ 4.00;S/ 1.83; unidad ;3;17/10/2025;0;0;3; S/. 12.00 ;;
;R_0347;"Escobilla circular alambre 3"" WB40751";INGCO;;S/ 4.50;S/ 2.35; unidad ;3;18/10/2025;0;0;3; S/. 13.50 ;;
;R_0348;Escobilla circular alambre WB41001;INGCO;;S/ 5.00;S/ 3.10; unidad ;3;19/10/2025;0;0;3; S/. 15.00 ;;
;R_0349;ESCOBILLA COPA TRENZADA 4;EUROTOOLS;;S/ 9.00;S/ 5.90; unidad ;5;11/10/2024;0;0;5; S/. 45.00 ;ALFA;
;R_0350;"Escobilla de Copa Trenzada 3"" WB20751";INGCO;"3""";S/ 10.00;S/ 6.10; unidad ;3;17/10/2025;0;0;3; S/. 30.00 ;alfa;
;R_0351;"Escobilla despeinada 1"" WB70241";INGCO;;S/ 4.00;S/ 2.20; unidad ;3;20/10/2025;0;0;3; S/. 12.00 ;;
;R_0352;"Escuadra 10""";;"scuadra10""";S/ 7.00;;unidad;20;;0;0;20; S/. 140.00 ;;
;R_0353;"Escuadra 8""";;"scuadra8""";S/ 5.50;;unidad;5;;0;0;5; S/. 27.50 ;;
;R_0354;ESMALTE GLOSS;ISSA;ESMALTE BLANCO;S/ 60.00;S/ 54.00; unidad ;4;27/08/2024;0;0;4; S/. 240.00 ;issa;
;R_0355;"Espatula 2""";prescot;50mm;S/ 4.00;S/ 1.89; unidad ;12;19/02/2024;0;0;12; S/. 48.00 ;;
;R_0356;ESPATULA 3 ;INGCO;INOXidable;S/ 7.00;S/ 4.00; unidad ;12;11/10/2024;0;0;12; S/. 84.00 ;ALFA;
;R_0357;ESPATULA 8;INGCO;INOXidable;S/ 19.00;S/ 13.90; unidad ;3;11/10/2024;0;0;3; S/. 57.00 ;ALFA;
;R_0358;"Espatula mango madera 2 1/2""";Almos;"madera 2 1/mango2""";S/ 3.00;;unidad;;;0;0;0; S/. -   ;;
;R_0359;"Espatula mango madera 4""";Almos;"mango4""";S/ 4.50;;unidad;;;0;0;0; S/. -   ;;
;R_0360;"Espatula mango plastico 2 1/2""";;"plastico 2 1/mango2""";S/ 3.50;;unidad;;;0;0;0; S/. -   ;;
;R_0361;Espuma poliuretano;knauff;750 ml;S/ 22.00;S/ 13.60; unidad ;3;12/12/2024;0;0;3; S/. 66.00 ;ALFA;
;R_0362;Espuma poliuretano;knauff;500 ml;S/ 17.00;S/ 9.70; unidad ;3;12/12/2024;0;0;3; S/. 51.00 ;ardiles;
;R_0363;Espuma poliuretano;knauff;350 ml;S/ 12.00;S/ 6.35; unidad ;3;12/12/2024;0;0;3; S/. 36.00 ;ardiles;
;R_0364;Esquinero 3m;construtek;drywall;S/ 6.50;S/ 3.50;unidad;40;18/09/2024;0;0;40; S/. 260.00 ;;
;R_0365;Esquinero PVC;;30 x 30 x 0.30 x 3;S/ 10.00;S/ 6.30; unidad ;50;30/09/2025;0;0;50; S/. 500.00 ;Jorge ramirez;
;R_0366;Esta¤o para soldar;eurotools;1mm x 80 gr;S/ 8.00;S/ 6.50; unidad ;2;7/11/2025;0;0;2; S/. 16.00 ;alfa;
;R_0367;Extension 10m;Home Light;c/foco neon 10m 16Awg;S/ 20.00;S/ 13.05; unidad ;3;12/12/2024;0;0;3; S/. 60.00 ;;
;R_0368;Extension 15 m;Eurolite;cable vulc tomatriple;S/ 25.00;S/ 18.00; unidad ;3;3/06/2025;0;0;3; S/. 75.00 ;alfa;
;R_0369;Extension 15m;Home Light;c/foco neon 15m 16Awg;S/ 26.00;S/ 15.59; unidad ;3;5/05/2024;0;0;3; S/. 78.00 ;;
;R_0370;Extension 20m;Home Light;c/foco neon 20m 16Awg;S/ 32.00;S/ 19.85; unidad ;3;5/05/2024;0;0;3; S/. 96.00 ;;
;R_0371;Extension 20m;Eurotools;vulcanizado;S/ 26.00;S/ 18.00; unidad ;2;21/02/2025;0;0;2; S/. 52.00 ;alfa;
;R_0372;Extension 25 m;Eurolite;cable vulc tomatriple;S/ 38.00;S/ 26.50; unidad ;3;3/06/2025;0;0;3; S/. 114.00 ;alfa;
;R_0373;Extension 5m ;Home Light;16 awg;S/ 15.00;S/ 8.10; unidad ;3;12/12/2024;0;0;3; S/. 45.00 ;ardiles;
;R_0374;Extension 5m ;EUROLITE;cable vulc tomatriple;S/ 28.00;S/ 9.00; unidad ;3;3/06/2025;0;0;3; S/. 84.00 ;alfa;
;R_0375;Extension dado 1/4 ;Eurotools;;S/ 5.00;S/ 0.86; unidad ;30;8/07/2025;0;0;30; S/. 150.00 ;;
;R_0376;Extension dado 5/16;EUROTOOLS;dado 5/16;S/ 5.00;S/ 0.86; unidad ;15;30/04/2025;0;0;15; S/. 75.00 ;alfa;
;R_0377;"extension flexible 12""";pretul;para atornillar;S/ 12.00;S/ 5.70; unidad ;6;24/05/2024;0;0;6; S/. 72.00 ;;
;R_0378;extension magnetico 60mm;truper;;S/ 8.00;S/ 2.70; unidad ;60;24/05/2024;0;0;60; S/. 480.00 ;;
;R_0379;extension magnetico 60mm;Truper;estuche de 5;S/ 25.00;S/ 13.50; estuche ;11;24/05/2024;0;0;11; S/. 275.00 ;;
;R_0380;Felpa de colores;;trapeador;S/ 3.50;S/ 2.20; unidad ;6;2/04/2025;0;0;6; S/. 21.00 ;jupiter;
;R_0381;Foco 40 W;Wailec led serie;40W;;;unidad;20;;0;0;20; S/. -   ;;
;R_0382;Foco 50W;Lamptan;amarillo;S/ 2.50;;unidad;38;;0;0;38; S/. 95.00 ;;
;R_0383;FOCO 9W;CAMVER;9W;S/ 6.50;S/ 3.80; unidad ;6;13/02/2024;0;0;6; S/. 39.00 ;;
;R_0384;Foco ahorrador 18;phelix;Foco18;S/ 5.00;;unidad;40;;0;0;40; S/. 200.00 ;;
;R_0385;Foco ahorrador 36 ;Phelix;Foco36;S/ 7.00;;unidad;27;;0;0;27; S/. 189.00 ;;
;R_0386;Foco ahorrador 85;phelix;Foco85;S/ 14.00;;unidad;20;;0;0;20; S/. 280.00 ;;
;R_0387;Foco balon 15 W;Alfa;Policarbonato alf 1050;S/ 5.50;S/ 3.20; unidad ;6;25/03/2025;0;0;6; S/. 33.00 ;alfa;
;R_0388;Foco Balon 7W;Alfa;;S/ 5.00;S/ 2.10; unidad ;6;23/08/2024;0;0;6; S/. 30.00 ;ALFA;
;R_0389;Foco c/sensor;Home Light;12 w;S/ 14.00;S/ 9.20; unidad ;7;12/12/2024;0;0;7; S/. 98.00 ;ardiles;
;R_0390;Foco led 100W;Konrad;led100W;S/ 65.00;;;2;;0;0;2; S/. 130.00 ;;
;R_0391;Foco led 50W;HOME LIGHT;HIGH POWER L/DIA;S/ 16.00;S/ 8.34; unidad ;3;28/06/2024;0;0;3; S/. 48.00 ;;
;R_0392;Foco Led 50W;Konrad;Led50W;S/ 42.00;;;2;;0;0;2; S/. 84.00 ;;
;R_0393;Foco led 65W;Alfa;UFO led c/rosca 260mm;S/ 30.00;S/ 22.00; unidad ;2;23/08/2024;0;0;2; S/. 60.00 ;ALFA;
;R_0394;Foco Led Botella 50W;Alfa;Policarbonato 7000K alf 1040;S/ 16.00;S/ 11.50; unidad ;6;25/03/2025;0;0;6; S/. 96.00 ;;
;R_0395;FOCO LED CIRCULAR 20W;VOLE;LED 20W;S/ 10.00;S/ 6.50; unidad ;10;13/02/2024;0;1;9; S/. 90.00 ;;
;R_0396;"Formon 1""";INGCO;;S/ 14.00;S/ 10.00; unidad ;3;2/05/2024;0;0;3; S/. 42.00 ;;
;R_0397;"Formon goma 1""alf 542";;;S/ 13.00;S/ 7.70; unidad ;4;16/12/2025;0;0;4; S/. 52.00 ;;
;R_0398;Fulminante;Powertek;Nivel 2 marron;;;caja;1;;0;0;1; S/. -   ;;
;R_0399;Fulminante;Powertek;Nivel 3 verde;;;caja;1;;0;0;1; S/. -   ;;
;R_0400;Fulminante marron;;Fulminantemarron;S/ 25.00;S/ 18.00;caja(100pzs);1;;0;0;1; S/. 25.00 ;;
;R_0401;FULMINANTE MARRON;;CAL 22;S/ 25.00;S/ 15.00; unidad ;25;28/08/2024;0;0;25; S/. 625.00 ;brandon;
;R_0402;FULMINANTE MARRON;;;S/ 23.00;S/ 13.00; unidad ;50;30/09/2025;0;0;50; S/. 1,150.00 ;Jorge ramirez;
;R_0403;Fulminante Verde;;FulminanteVerde;S/ 30.00;S/ 18.00;caja(100pzs);1;;0;0;1; S/. 30.00 ;;
;R_0404;GABINETE 12 POLOS CAJA;NACIONAL;EMPOTRABLE;S/ 21.00;S/ 13.90; unidad ;3;17/09/2024;0;0;3; S/. 63.00 ;ALFA;
;R_0405;GABINETE 18 POLOS CAJA;NACIONAL;EMPOTRABLE;S/ 32.00;S/ 24.30; unidad ;2;17/09/2024;0;0;2; S/. 64.00 ;ALFA;
;R_0406;Gabinete 5 Polos;;5 polos;S/ 11.00;S/ 5.90; unidad ;3;19/08/2024;0;0;3; S/. 33.00 ;Ferretools;
;R_0407;Gabinete 8 Polos;;Gabinete 8 Polos;S/ 12.00;S/ 6.50; unidad ;3;19/08/2024;0;0;3; S/. 36.00 ;Ferretools;
;R_0408;Gamezan (Polvo);El trome;piojos pulga hormiga;S/ 3.00;;;1;;0;0;1; S/. 3.00 ;;
;R_0409;Gamezan en polvo;derquin;kg;S/ 8.00;S/ 5.00;;;;0;0;0; S/. -   ;;
;R_0410;Gancho trupan 10;;;;S/ 44.67; ciento ;1;9/09/2024;0;0;1; S/. -   ;negociaciones generales;
;R_0411;Gancho trupan 12;;;;S/ 50.50; ciento ;1;9/09/2024;0;0;1; S/. -   ;negociaciones generales;
;R_0412;Gancho trupan 15;;;;S/ 57.00; ciento ;1;9/09/2024;0;0;1; S/. -   ;negociaciones generales;
;R_0413;Gancho Trupan 20;;20 cm;S/ 100.00;S/ 72.00; ciento ;;5/02/2025;0;0;0; S/. -   ;;
;R_0414;Grapas clavos # 10;;;S/ 9.50;S/ 5.00; ciento ;3;19/08/2024;0;0;3; S/. 28.50 ;Ferretools;
;R_0415;Grapas clavos # 7;;;S/ 8.00;S/ 3.70; ciento ;3;19/08/2024;0;0;3; S/. 24.00 ;Ferretools;
;R_0416;Grapas clavos # 8;;;S/ 8.50;S/ 4.00; ciento ;3;19/08/2024;0;0;3; S/. 25.50 ;Ferretools;
;R_0417;Grapas clavos # 9;;;S/ 9.00;S/ 4.40; ciento ;3;19/08/2024;0;0;3; S/. 27.00 ;Ferretools;
;R_0418;grapas p/cable N 7;Mifer;;S/ 8.00;S/ 2.70; caja ;4;7/11/2025;0;0;4; S/. 32.00 ;alfa;
;R_0419;grapas p/cable N 8;Mifer;;S/ 8.50;S/ 3.00; caja ;2;7/11/2025;0;0;2; S/. 17.00 ;alfa;
;R_0420;Grapas para conductores electricos|;Rimeplast;10;S/ 12.00;;caja;2;;0;0;2; S/. 24.00 ;;
;R_0421;Grifo Jardin Premium 3/4;alfa;;S/ 16.80;S/ 11.76; unidad ;5;2/09/2025;0;0;5; S/. 84.00 ;alfa;
;R_0422;Grifo Jardin Premium 3/4 salida 3/4 alf 2050;alfa;;S/ 15.50;S/ 9.40; unidad ;1;16/12/2025;0;0;1; S/. 15.50 ;;
drywal;R_0423;Grifo Jardin Premium 3/4 salida 3/4 alf 2051;alfa;;S/ 16.00;S/ 9.98; unidad ;1;16/12/2025;0;0;1; S/. 16.00 ;;
drywal;R_0424;Guante anticorte negro ;Alfa;Tama¤o 9;S/ 3.50;S/ 1.42; Par ;12;7/11/2025;0;0;12; S/. 42.00 ;alfa;
drywal;R_0425;guante badana;;clute;S/ 9.00;S/ 6.70;unidad; ;;0;3.5;#­VALOR!;#­VALOR!;;
drywal;R_0426;Guante Blanco;;GuanteBlanco;S/ 3.00;;par;10;;0;0;10; S/. 30.00 ;;
drywal;R_0427;Guante de latex;DKASA;delatex;S/ 7.50;;unidad;3;;0;1;2; S/. 15.00 ;;
drywal;R_0428;Guante de seguridad;Power Flex;Tela gris goma azul;S/ 6.00;;par;11;;0;0;11; S/. 66.00 ;;
drywal;R_0429;Guante de seguridad;Ecco tools;tela roja;S/ 5.00;;par;11;;0;0;11; S/. 55.00 ;;
drywal;R_0430;Guante de seguridad;Eccoperu;tela roja;S/ 5.00;;par;17;;0;1;16; S/. 80.00 ;;
drywal;R_0431;Guante de seguridad;;Cuero amarillo gris;S/ 5.00;;par;3;;0;0;3; S/. 15.00 ;;
drywal;R_0432;Guante de seguridad;;Cuero amarillo;S/ 7.00;;par;9;;0;0;9; S/. 63.00 ;;
drywal;R_0433;Guante de seguridad;Clute;tela roja;S/ 7.00;;par;5;;0;0;5; S/. 35.00 ;;
;R_0434;Guante Industrial;;Negro;S/ 5.00;;unidad;1;;0;0;1; S/. 5.00 ;;
;R_0435;Guante limpieza;c & a;Conveniente limpieza;S/ 4.50;S/ 2.77; unidad ;6;17/05/2024;0;0;6; S/. 27.00 ;;
;R_0436;Guante multiflex;Segpro;rojo amarillo L M;S/ 5.00;S/ 3.00; unidad ;120;20/08/2024;0;0;120; S/. 600.00 ;IMPEXP SH;
;R_0437;Guante Negro;Segpro;talla S;S/ 4.50;S/ 2.50; unidad ;12;20/08/2024;0;0;12; S/. 54.00 ;IMPEXP SH;
;R_0438;Guarana Lata;;bebidas golosinas;S/ 2.00;;;12;;0;0;12; S/. 24.00 ;;
;R_0439;Gyplac ciel 7mm;;drywall;S/ 27.50;S/ 25.50;unidad;;;0;0;0; S/. -   ;;
;R_0440;Gyplac RH (1/2);gyplac;drywall;S/ 40.50;S/ 38.60;unidad;;;0;0;0; S/. -   ;;
;R_0441;Gyplac12.7mm1/2);gyplac;drywall;S/ 29.20;S/ 27.70;unidad;;;0;0;0; S/. -   ;;
;R_0442;Gyplac9.5mm3/8);gyplac;drywall;S/ 28.50;S/ 26.60;unidad;;;0;0;0; S/. -   ;;
;R_0443;Hidroxido de potasio;derquin ;limpia tuberias;S/ 12.00;S/ 9.00;;2;;0;0;2; S/. 24.00 ;;
;R_0444;Hoja de sierra;INGCO;"12"" x 18T";S/ 3.50;S/ 2.20; unidad ;10;7/11/2025;0;0;10; S/. 35.00 ;alfa;
;R_0445;Hormiguicida;El trome;elimina Hormiga ara¤a inse;;;;1;;0;0;1; S/. -   ;;
;R_0446;Huaype;;Huaype;S/ 16.00;;kg;;;0;0;0; S/. -   ;;
;R_0447;huaype;;importado;S/ 12.00;; kg ;;;0;0;0; S/. -   ;;
;R_0448;Humo mosquito;Cock Brand;insecticida mosquitos;S/ 4.00;;caja;1;;0;0;1; S/. 4.00 ;;
;R_0449;inca cola;;bebidas golosinas;;;;;;0;0;0; S/. -   ;;
;R_0450;inca cola;;bebidas golosinas;;;;;;0;0;0; S/. -   ;;
;R_0451;Inca cola ;;bebidas golosinas;;;;;;0;0;0; S/. -   ;;
;R_0452;INCA COLA 1.5L No Ret;;bebidas golosinas;S/ 6.50;;;;;0;0;0; S/. -   ;;
;R_0453;Inca cola 1L No ret;;bebidas golosinas;;;;;;0;0;0; S/. -   ;;
;R_0454;Inca cola 2L No Ret;;bebidas golosinas;;;;;;0;0;0; S/. -   ;;
;R_0455;Inca cola 3l No ret;;bebidas golosinas;;;;;;0;0;0; S/. -   ;;
;R_0456;insecticida;doclorotrin;mata cucarachas moscas;;;;4;;0;0;4; S/. -   ;;
;R_0457;insecticida;rapidex c.e ;mata todo tipo insecto;;;;1;;0;0;1; S/. -   ;;
;R_0458;insecticida;by litex plus;elimina cucaracha moscas;;;;2;;0;0;2; S/. -   ;;
;R_0459;Insecticida Baygon;Johnson;Contra cucarachas;S/ 15.00;;;3;;0;0;3; S/. 45.00 ;;
;R_0460;Insectisida spray;Bin Laden Mata todo;spray, mosca cucaracha;;;;7;;0;0;7; S/. -   ;;
;R_0461;Interruptor 1;;nterruptor1;;;unidad;24;;0;0;24; S/. -   ;;
;R_0462;interruptor 1;Epen;interruptor1;;;unidad;13;;0;0;13; S/. -   ;;
;R_0463;Interruptor 1 ;BTicino;nterruptor1;;;unidad;12;;0;0;12; S/. -   ;;
ISSA;R_0464;Interruptor aereo;Spark;Interruptoraereo;S/ 2.00;;unidad;1;;0;0;1; S/. 2.00 ;;
ISSA;R_0465;Interruptor Doble;Ferre Light;Para pared;;;unidad;6;;0;0;6; S/. -   ;;
ISSA;R_0466;INTERRUPTOR DOBLE ;CUBULL;BLANCO;S/ 9.00;S/ 4.25; unidad ;10;13/02/2024;0;0;10; S/. 90.00 ;;
;R_0467;Interruptor Doble Empotrable;Eurolite;;S/ 7.00;S/ 3.88; unidad ;10;7/11/2025;0;0;10; S/. 70.00 ;alfa;
;R_0468;Interruptor monofacico;Bticino;5;;;;;;0;0;0; S/. -   ;;
;R_0469;INTERRUPTOR SIMPLE;CUBULL;SIMPLE BLANCO;S/ 8.00;S/ 3.25; unidad ;10;13/02/2024;0;0;10; S/. 80.00 ;;
;R_0470;Interruptor simple;delux;empotrable;S/ 6.00;S/ 2.80; unidad ;10;8/07/2025;0;0;10; S/. 60.00 ;;
;R_0471;INTERRUPTOR VISIBLE;NEWSPARK;;S/ 3.00;S/ 1.20; unidad ;10;13/02/2024;0;0;10; S/. 30.00 ;;
;R_0472;Interuptor termico monofasico;CBB;C   30A;;;unidad;10;;0;0;10; S/. -   ;;
;R_0473;Interuptor termico monofasico;CBB;C   25A;;;unidad;9;;0;0;9; S/. -   ;;
;R_0474;Interuptor termico monofasico;CBB;C  20A;;;;3;;0;0;3; S/. -   ;;
;R_0475;Interuptor termico Trifasico;Enervolt age;C  32a;S/ 25.00;;unidad;2;;0;0;2; S/. 50.00 ;;
;R_0476;Jalador oval grande;;Jalador oval grande;S/ 6.00;S/ 2.90; unidad ;12;27/06/2025;0;0;12; S/. 72.00 ;;
;R_0477;juego 4 desarmadores;C&A;reversible;S/ 7.50;S/ 4.20; unidad ;3;12/12/2024;0;0;3; S/. 22.50 ;ardiles;
;R_0478;Juego de brocas enrutador;INGCO;enrutador 12 piezas;S/ 60.00;S/ 48.80; unidad ;1;3/06/2025;0;0;1; S/. 60.00 ;alfa;
;R_0479;Juego tijera;wings;;S/ 7.00;S/ 4.20; unidad ;3;31/10/2025;0;0;3; S/. 21.00 ;camver;
;R_0480;KM117 JUG HERRAM P/INSTALAR CHAPASX3PCS;KAMASA;;S/ 12.00;S/ 7.94;;12;;0;0;12; S/. 144.00 ;;
;R_0481;KM1184 DISCO DE LIJAS P40 115MM;KAMASA;;S/ 5.00;S/ 3.91;;10;;0;0;10; S/. 50.00 ;;
;R_0482;KM120 JGO SIERRA COPA P/MADERA 7PCS;KAMASA;;S/ 17.00;S/ 11.49;;12;;0;0;12; S/. 204.00 ;;
;R_0483;KM1402 JUG ACCESORIO P/PULIRX 6PCS 115MM;KAMASA;;S/ 8.50;S/ 5.24;;6;;0;0;6; S/. 51.00 ;;
;R_0484;KM636 DESTORNILLADOR 2 PUNTAS 6*75MM;KAMASA;;S/ 3.50;S/ 1.91;;12;;0;0;12; S/. 42.00 ;;
;R_0485;KM692 DESARMADOR 2PUNTOS 6*100MM;KAMASA;;S/ 5.50;S/ 3.84;;12;;0;0;12; S/. 66.00 ;;
;R_0486;Laca Selladora;;LacaSelladora;S/ 38.00;;Gln;;;0;0;0; S/. -   ;;
;R_0487;LANA FIBRA;;1.2 X 2 X 12 M   ;S/ 68.00;S/ 56.00; unidad ;6;30/09/2025;0;0;6; S/. 408.00 ;Jorge ramirez;
;R_0488;Lana fibra de vidrio Steel;;drywall;S/ 88.00;;unidad;;;0;0;0; S/. -   ;;
;R_0489;Lapicero azul;Faber Castell;lux 034;S/ 0.80;;unidad;64;;0;0;64; S/. 51.20 ;;
;R_0490;Lapicero azul;Faber Castell;Trilix 031;S/ 0.70;;unidad;44;;0;0;44; S/. 30.80 ;;
CORELL SAC;R_0491;Lapiz Carpintero;Besttools;LapizCarpintero;S/ 1.50;;;11;;0;1;10; S/. 15.00 ;;
;R_0492;Led c/rosca 65 W;;;S/ 26.00;S/ 17.60; unidad ;12;2/09/2025;0;0;12; S/. 312.00 ;alfa;
;R_0493;Lejia 1 Gl;Derquin;;;;;4;;0;0;4; S/. -   ;;
;R_0494;Lejia 1 L;Derquin;ejiaLejia;;;Gl;1;;0;0;1; S/. -   ;;
;R_0495;Lejia 500ml;Derquin;500 ml;;;unidad;10;;0;0;10; S/. -   ;;
;R_0496;Lente de seguridad;eco;;S/ 3.50;S/ 1.70; unidad ;12;2/05/2024;0;0;12; S/. 42.00 ;;
;R_0497;Lente de Seguridad;Segpro;sp100;S/ 5.00;S/ 2.90; unidad ;12;20/08/2024;0;0;12; S/. 60.00 ;IMPEXP SH;
;R_0498;Lente de seguridad;Clute;blanco;S/ 5.00;;unidad;14;;0;0;14; S/. 70.00 ;;
;R_0499;Lente de seguridad;Clute;Negro;S/ 3.00;;unidad;1;;0;0;1; S/. 3.00 ;;
;R_0500;Lente de seguridad;Hefesto;deseguridad;S/ 5.00;;unidad;12;;0;0;12; S/. 60.00 ;;
;R_0501;Lente de Seguridad;Eurotools;Pesado transparente anti-Impacto;S/ 5.00;S/ 2.17; unidad ;12;29/11/2024;0;0;12; S/. 60.00 ;ALFA;
;R_0502;Lente de Seguridad;EUROTOOLS;Pesado transparente anti-Impacto;S/ 4.50;S/ 2.13; unidad ;12;7/11/2025;0;0;12; S/. 54.00 ;alfa;
;R_0503;lija 7 1/4 x 5 und 120;Eurotools;repuesto 120;S/ 6.00;S/ 2.70; unidad ;6;22/04/2025;0;0;6; S/. 36.00 ;;
;R_0504;Lija al agua 1000;Asalite;;;;;;;0;0;0; S/. -   ;;
;R_0505;LIJA AL AGUA 120;;;S/ 1.80;S/ 0.99; UNIDAD ;50;11/07/2024;0;0;50; S/. 90.00 ;;
;R_0506;Lija al agua 120;Asalite;al120;S/ 1.70;;;75;;0;0;75; S/. 127.50 ;;
;R_0507;Lija al agua 150;Asalite;al150;S/ 1.70;;;17;;0;0;17; S/. 28.90 ;;
;R_0508;Lija al agua 180;Asalite;al180;S/ 1.80;S/ 1.10;;66;;0;0;66; S/. 118.80 ;;
;R_0509;Lija al agua 180;Abralit;;S/ 1.50;S/ 0.88; unidad ;50;31/10/2025;0;0;50; S/. 75.00 ;camver;
;R_0510;Lija al agua 220;Abralit;al220;S/ 1.70;;;42;;0;0;42; S/. 71.40 ;;
;R_0511;Lija al agua 320;Asalite;;S/ 2.00;;;;;0;0;0; S/. -   ;;
;R_0512;Lija al agua 600;Asalite;al600;S/ 1.70;;;62;;0;0;62; S/. 105.40 ;;
;R_0513;Lija Fierro 100;Asa;esmeril;S/ 2.80;;;14;;0;0;14; S/. 39.20 ;;
;R_0514;Lija Fierro 120;Asa;esmeril;S/ 2.80;;;33;;0;0;33; S/. 92.40 ;;
;R_0515;Lija Fierro 150;Asa;esmeril;S/ 2.80;;;41;;0;0;41; S/. 114.80 ;;
;R_0516;Lija Fierro 180;Fandeli;;S/ 2.30;S/ 1.32; unidad ;50;20/08/2024;0;0;50; S/. 115.00 ;IMPEXP SH;
;R_0517;Lija Fierro 180;Asa;esmeril;S/ 2.80;;;34;;0;0;34; S/. 95.20 ;;
;R_0518;Lija Fierro 220;Asa;esmeril;S/ 2.80;;;24;;0;0;24; S/. 67.20 ;;
;R_0519;Lija Fierro 40;Asa;esmeril;S/ 3.20;;;0;;0;0;0; S/. -   ;;
;R_0520;Lija Fierro 50;Asa;esmeril;S/ 3.00;;;26;;0;0;26; S/. 78.00 ;;
;R_0521;Lija Fierro 60;Asa;esmeril;S/ 3.00;;;0;;0;0;0; S/. -   ;;
;R_0522;Lija Fierro 80;abralit;;S/ 2.50;S/ 1.54;;;2/05/2024;0;0;0; S/. -   ;;
;R_0523;Lija Fierro 80;Asa;esmeril;S/ 3.00;S/ 1.90;;46;;0;0;46; S/. 138.00 ;;
;R_0524;lija N40 - 4 1/2;Eurotools;;S/ 4.00;S/ 1.70; unidad ;6;2/09/2025;0;0;6; S/. 24.00 ;alfa;
;R_0525;lija N60 - 4 1/3;Eurotools;;S/ 4.00;S/ 1.70; unidad ;12;2/09/2025;0;0;12; S/. 48.00 ;alfa;
;R_0526;lija N80 - 4 1/4;Eurotools;;S/ 4.00;S/ 1.70; unidad ;6;2/09/2025;0;0;6; S/. 24.00 ;alfa;
;R_0527;Llave 11;KAMASA;;S/ 4.50;;;;;0;0;0; S/. -   ;;
;R_0528;Llave 17 mm;EUROTOOLS;mixta chrome van;S/ 7.00;S/ 3.40; unidad ;12;28/04/2025;0;0;12; S/. 84.00 ;alfa;
;R_0529;Llave alen;eco;;S/ 5.00;S/ 3.00;;6;2/05/2024;0;0;6; S/. 30.00 ;;
;R_0530;Llave de dados;AIWA;Combination soquet wrench set 1/4 3/8;;;Juego;1;;0;0;1; S/. -   ;;
;R_0531;"Llave estilson 12""";INGCO;;S/ 20.00;S/ 15.20;;;;0;0;0; S/. -   ;;
;R_0532;"Llave estilson 18""";INGCO;;S/ 32.00;S/ 26.50;;;;0;0;0; S/. -   ;;
;R_0533;"Llave Francesa 10""";Profield;"Llave10""";S/ 15.00;;unidad;1;;0;0;1; S/. 15.00 ;;
;R_0534;"Llave Francesa 12""";Kamasa;Pesada;S/ 18.00;;unidad;6;;0;0;6; S/. 108.00 ;;
ARDILES;R_0535;"Llave Francesa 6""";Almos;"Llave6""";S/ 8.00;;unidad;4;;0;0;4; S/. 32.00 ;;
ARDILES;R_0536;"Llave francesa 6"" 150mm";INGCO;;S/ 9.00;S/ 5.80; unidad ;3;17/12/2024;0;0;3; S/. 27.00 ;alfa;
ARDILES;R_0537;"Llave francesa 8"" 200mm";INGCO;;S/ 13.00;S/ 8.05; unidad ;3;17/12/2024;0;0;3; S/. 39.00 ;alfa;
ARDILES;R_0538;llave jardin 1/2;valmax;;S/ 14.00;S/ 8.90; unidad ;3;12/12/2024;0;0;3; S/. 42.00 ;ardiles;
ARDILES;R_0539;llave jardin 1/2;C&A;;S/ 9.00;S/ 5.80; unidad ;3;12/12/2024;0;0;3; S/. 27.00 ;ardiles;
ARDILES;R_0540;llave mixta 10 mm;eurotools;10 chrome vanadium;S/ 4.00;S/ 1.60; unidad ;10;22/04/2025;0;0;10; S/. 40.00 ;alfa;
ARDILES;R_0541;llave mixta 12 mm;;;S/ 4.00;S/ 2.15; unidad ;;;0;0;0; S/. -   ;;
ARDILES;R_0542;llave mixta 13 mm;eurotools;chrome vanadium 13 mm;S/ 4.50;S/ 2.10; unidad ;12;25/03/2025;0;0;12; S/. 54.00 ;;
ARDILES;R_0543;llave mixta 14 mm;;;S/ 4.50;S/ 2.62; unidad ;;;0;0;0; S/. -   ;;
ARDILES;R_0544;Llave mixta c/ratchet;C&A;11mm;S/ 12.00;S/ 6.60; unidad ;6;12/12/2024;0;0;6; S/. 72.00 ;ardiles;
ARDILES;R_0545;llave paso 1/2;C&A;c/rosca;S/ 4.00;S/ 1.13; unidad ;5;12/12/2024;0;0;5; S/. 20.00 ;ardiles;
CAMVER;R_0546;llave paso 1/2;C&A;s/rosca;S/ 4.00;S/ 1.13; unidad ;3;12/12/2024;0;0;3; S/. 12.00 ;ardiles;
CAMVER;R_0547;"Llave stilson 10""";c&a  tools;"Llave10""";S/ 20.00;;unidad;2;;0;0;2; S/. 40.00 ;;
CAMVER;R_0548;"Llave stilson 8""";;"Llave8""";;;unidad;1;;0;0;1; S/. -   ;;
CAMVER;R_0549;Llave Temomagnetica trifasica;Stronger New Era;3x40;S/ 35.00;S/ 21.35; unidad ;4;29/11/2024;0;0;4; S/. 140.00 ;ALFA;
CAMVER;R_0550;LLAVE TERMICA;NUEVA ERA;2X32;S/ 20.00;S/ 14.00; UNIDAD ;6;11/07/2024;0;0;6; S/. 120.00 ;;
CAMVER;R_0551;Llave termomagnetica;New era stronger;trifasica 3 x 40;S/ 35.00;S/ 21.35; unidad ;4;17/11/2025;0;0;4; S/. 140.00 ;;
CAMVER;R_0552;Luna soldar 10;EUROTOOLS;ALF 053;S/ 1.50;S/ 0.70; unidad ;6;26/04/2025;0;0;6; S/. 9.00 ;alfa;
CAMVER;R_0553;luna soldar 12;EUROTOOLS;ALF 055;S/ 1.50;S/ 0.70; unidad ;6;27/04/2025;0;0;6; S/. 9.00 ;alfa;
ISSA;R_0554;M FLEX CORRUGADA 3/4;manguera;3/4 PVC GRIS;S/ 1.20;S/ 0.64; metro ;100;17/09/2024;0;0;100; S/. 120.00 ;ALFA;
NEGOCIACIONES GENERALES;R_0555;Manguera;Termo Plastico;3-Ago;S/ 10.00;;m;100;;0;0;100; S/. 1,000.00 ;;
NEGOCIACIONES GENERALES;R_0556;Manguera Corrugada 1/2;;PVXC gris 100 m;S/ 0.90;S/ 0.48; unidad ;100;24/01/2025;0;0;100; S/. 90.00 ;;
NEGOCIACIONES GENERALES;R_0557;MARTILLO;KAMASA;MARTMARTILLO;S/ 14.00;;;;;0;0;0; S/. -   ;;
NEGOCIACIONES GENERALES;R_0558;Martillo 16 oz;Truper;u¤a curva M tubular c/neopreno;S/ 32.00;S/ 27.00; unidad ;6;24/05/2024;0;0;6; S/. 192.00 ;;
NEGOCIACIONES GENERALES;R_0559;Martillo 16 OZ HCH8168;INGCO;;S/ 15.00;S/ 11.36; unidad ;2;17/10/2025;0;0;2; S/. 30.00 ;;
NEGOCIACIONES GENERALES;R_0560;Martillo Mango erconomico;INGCO;560G 355 MM;S/ 30.00;S/ 25.65; unidad ;3;16/12/2025;0;0;3; S/. 90.00 ;g;
NEGOCIACIONES GENERALES;R_0561;Martillo u¤a 16oz;Truper;Mango Fibra de vidrio 16 oz;S/ 30.00;S/ 24.25; unidad ;4;17/05/2024;0;0;4; S/. 120.00 ;;
NEGOCIACIONES GENERALES;R_0562;Mascarilla ;Surgical;ascarillaMascarilla;S/ 1.00;;unidad;12;;0;0;12; S/. 12.00 ;;
NEGOCIACIONES GENERALES;R_0563;Mascarilla antipolvo;Wings;Mascarillaantipolvo;S/ 5.00;;unidad;12;;0;0;12; S/. 60.00 ;;
NEGOCIACIONES GENERALES;R_0564;Mascarilla respirador;Bellsafe;Mascarillarespirador;S/ 5.50;;unidad;10;;0;0;10; S/. 55.00 ;;
NEGOCIACIONES GENERALES;R_0565;Masilla ;;;;;;;;0;0;0; S/. -   ;;
NEGOCIACIONES GENERALES;R_0566;MASILLA 20 KG;VOLCAN;;S/ 35.00;S/ 31.00; UNIDAD ;3;18/09/2024;0;0;3; S/. 105.00 ;;
NEGOCIACIONES GENERALES;R_0567;MASILLA 5 KG;VOLCAN;;S/ 14.00;S/ 11.00; UNIDAD ;4;3/07/2024;0;0;4; S/. 56.00 ;;
NEGOCIACIONES GENERALES;R_0568;Masilla balde 27 kg;gyplac;balde 27kg;S/ 70.00;S/ 63.90; unidad ;2;20/05/2024;0;0;2; S/. 140.00 ;;
NEGOCIACIONES GENERALES;R_0569;MASILLA CALAMINA;ORIENTAL;1 KG;S/ 7.00;S/ 4.50; KG ;6;21/03/2024;0;0;6; S/. 42.00 ;;
FRANCINI TRUPER;R_0570;Masilla drywal;Gyplac;Bolsa 5kg;;;;;;0;0;0; S/. -   ;;
FRANCINI TRUPER;R_0571;Masilla drywal;Construtek;caja 20 kg;;;;;;0;0;0; S/. -   ;;
;R_0572;Masilla drywal;Construtek;Bolsa 5Kg;;;;;;0;0;0; S/. -   ;;
CORELL SAC;R_0573;Masilla drywal;economico;Bolsa 1Kg;;;;;;0;0;0; S/. -   ;;
;R_0574;Masilla Drywall;gyplac;Romeral 25 kg;;;;;;0;0;0; S/. -   ;;
;R_0575;Masilla Gyplac;gyplac;caja 20 kg;S/ 36.00;S/ 32.50;unidad;5;20/05/2024;0;0;5; S/. 180.00 ;;
;R_0576;Masilla Gyplac;gyplac;Balde(27kg);S/ 70.00;S/ 63.90;unidad;2;20/05/2024;0;0;2; S/. 140.00 ;;
;R_0577;Masilla madera;Derquin;rojo;S/ 1.50;S/ 1.00;kg;34;;0;0;34; S/. 51.00 ;;
;R_0578;Masilla madera;worsal;Blanco;S/ 2.00;S/ 1.50;kg;45;;0;0;45; S/. 90.00 ;;
;R_0579;Mata ratas;Killer Campeon ;mata ratas ratones;S/ 2.50;;unidad;73;;0;0;73; S/. 182.50 ;;
;R_0580;Mecha Plana 1 1/4;EUROTOOLS;;S/ 37.90;S/ 2.21; unidad ;12;2/09/2025;0;0;12; S/. 454.80 ;alfa;
;R_0581;Mecha plana 3/4;EUROTOOLS;;S/ 4.00;S/ 1.90; unidad ;3;16/12/2025;0;0;3; S/. 12.00 ;;
;R_0582;Mecha plana 7/8;EUROTOOLS;alf-176;S/ 5.00;S/ 2.00; unidad ;6;22/04/2025;0;0;6; S/. 30.00 ;alfa;
;R_0583;Medidor Monofasico 10(40) AMP SGM73L;Stronger;Digital;S/ 62.00;S/ 43.00; unidad ;3;2/09/2025;0;0;3; S/. 186.00 ;alfa;
DISTRIBUIDORA INVERSIONES RVX;R_0584;MULTIPLACA 4MM;ETERNIT;;S/ 34.00;S/ 32.00; UNIDAD ;100;3/07/2024;0;0;100; S/. 3,400.00 ;;
DISTRIBUIDORA INVERSIONES RVX;R_0585;Nivel 14 plg;Kamasa;amar plastico;S/ 10.00;;;1;;0;0;1; S/. 10.00 ;;
DISTRIBUIDORA INVERSIONES RVX;R_0586;Nivel 18 plg;Kamasa;Amarillo plastoco;S/ 12.00;;;1;;0;0;1; S/. 12.00 ;;
;R_0587;NIVEL 60CM;INGCO;ALUMINIO AMARILLO;S/ 25.00;S/ 19.40; unidad ;1;17/09/2024;0;0;1; S/. 25.00 ;ALFA;
;R_0588;NIVEL 80CM;INGCO;ALUMINIO AMARILLO;S/ 28.00;S/ 22.00; unidad ;1;17/09/2024;0;0;1; S/. 28.00 ;ALFA;
;R_0589;Nivel Al 30cm;EUROTOOLS;;S/ 10.00;S/ 7.00; unidad ;3;17/12/2024;0;0;3; S/. 30.00 ;alfa;
;R_0590;Nivel Al 40cm;EUROTOOLS;;S/ 11.50;S/ 8.20; unidad ;3;17/12/2024;0;0;3; S/. 34.50 ;alfa;
;R_0591;Nivel aluminio 40 cm HSL58040;INGCO;;S/ 11.00;S/ 6.45;;;;0;0;0; S/. -   ;;
;R_0592;Nivel aluminio 60 cm HSL58060;INGCO;;S/ 14.00;S/ 8.80;;;;0;0;0; S/. -   ;;
;R_0593;Nogalina;;ogalinaNogalina;S/ 27.00;;kg;10.4;;0;0;10.4; S/. 280.80 ;;
;R_0594;NORDEX;1.52X2.44;HDF MOTECK;S/ 30.00;S/ 25.00; unidad ;14;9/09/2024;0;0;14; S/. 420.00 ;ALFA;
;R_0595;Nylon(pescar) 100;araty;100;S/ 14.00;S/ 12.00; unidad ;1;2/04/2025;0;0;1; S/. 14.00 ;jupiter;
;R_0596;Nylon(pescar) 40;araty;40;S/ 8.00;S/ 5.50; unidad ;2;2/04/2025;0;0;2; S/. 16.00 ;jupiter;
;R_0597;Nylon(pescar) 70;araty;70;S/ 12.00;S/ 9.50; unidad ;2;2/04/2025;0;0;2; S/. 24.00 ;jupiter;
;R_0598;Nylon(pescar) 80;araty;80;S/ 12.00;S/ 10.00; unidad ;2;2/04/2025;0;0;2; S/. 24.00 ;jupiter;
;R_0599;Ocre;Bayer 130;rojo;S/ 10.00;S/ 6.00;kg;43.4;;0;0;43.4; S/. 434.00 ;;
;R_0600;Ocre;Bayer 130;amarillo920;S/ 10.00;S/ 6.00;kg;24.2;;0;0;24.2; S/. 242.00 ;;
;R_0601;Ocre;Bayer 130;Negro;S/ 10.00;S/ 6.00;kg;13.4;;0;0;13.4; S/. 134.00 ;;
;R_0602;Ocre;Bayer 130;Verde;S/ 10.00;S/ 6.00;kg;7.3;;0;0;7.3; S/. 73.00 ;;
;R_0603;Omega 3m;;drywall;S/ 10.00;S/ 7.80;unidad;;;0;0;0; S/. -   ;;
;R_0604;OSB 18mm;brasile¤o;1.22mX2.44m;S/ 75.00;;;23;;0;0;23; S/. 1,725.00 ;;
;R_0605;OSB 8mm;brasile¤o;1.22mX2.44m;S/ 38.00;;;138;;0;0;138; S/. 5,244.00 ;;
;R_0606;OSB 8mm;TAYLANDES;1.22mX2.44m;S/ 36.00;;;1;;0;0;1; S/. 36.00 ;;
;R_0607;Pabilo;el alguila;Pabilo;;;kg;3;;0;0;3; S/. -   ;;
;R_0608;Pabilo;;Blanco cono;S/ 1.00;;unidad;0.3;;0;0;0.3; S/. 0.30 ;;
;R_0609;Pabilo;Pegaso;madeja;S/ 0.60;;unidad;6;;0;0;6; S/. 3.60 ;;
;R_0610;PANEL LED 2X18W;ALFA;600X75X25MM;S/ 15.00;S/ 10.00; unidad ;3;17/09/2023;0;0;3; S/. 45.00 ;ALFA;
;R_0611;PANEL LED 3X18W;ALFA;1200X75X25MM;S/ 19.00;S/ 13.20; unidad ;3;17/09/2024;0;0;3; S/. 57.00 ;ALFA;
;R_0612;Panel led 40W;;60cm / 40W;S/ 28.00;S/ 20.30; unidad ;2;19/08/2024;0;0;2; S/. 56.00 ;Ferretools;
;R_0613;PANEL LED REDONDO;ALFA;18W SOBREPONER;S/ 15.00;S/ 10.20; unidad ;6;11/10/2024;0;0;6; S/. 90.00 ;ALFA;
;R_0614;Pa¤o amarillo;;;S/ 2.00;S/ 1.43; unidad ;20;2/04/2025;0;0;20; S/. 40.00 ;jupiter;
;R_0615;Parante 38;;38x45x3;S/ 8.50;S/ 7.00;UNIDAD;50;18/09/2024;0;0;50; S/. 425.00 ;brandon;
;R_0616;Parante 64;;64x45x3;S/ 9.50;S/ 8.00;UNIDAD;200;18/09/2024;0;0;200; S/. 1,900.00 ;brandon;
;R_0617;Parante 89;;89x45x3;S/ 12.00;S/ 9.50;UNIDAD;50;18/09/2024;0;0;50; S/. 600.00 ;brandon;
;R_0618;pega moscas;fly ribbon;pegamoscas;;;;40;;0;0;40; S/. -   ;;
;R_0619;Pegachap 0.946 L;Pegsa;terocal pegamento;S/ 18.00;S/ 13.00;;8;22/11/2024;0;0;8; S/. 144.00 ;Pegsa;
;R_0620;PEGAMENTO AFRICANO 1/32;IMPORTADO;TEROCAL;S/ 6.00;S/ 4.60;unidad;12;13/02/2024;0;0;12; S/. 72.00 ;;
;R_0621;Pegamento azul;Oatey;p tubo;S/ 8.00;S/ 5.80; unidad ;12;2/04/2025;0;0;12; S/. 96.00 ;jupiter;
;R_0622;"Pelacable 6""";Kamasa;"Pelacable6""";S/ 10.00;;unidad;3;;0;0;3; S/. 30.00 ;;
;R_0623;PERCHERO;;PARED;S/ 1.50;S/ 0.53; par ;24;17/09/2024;0;0;24; S/. 36.00 ;ALFA;
;R_0624;Perfumador Amb;Derquin;Talco Bebe;;;;2;;0;0;2; S/. -   ;;
;R_0625;Perfumador Desinfectante;Martell;Green Apple. Desinfecta limpia, perfuma ;S/ 11.00;;Gl;2;;0;0;2; S/. 22.00 ;;
;R_0626;Perfumador Desinfectante;Martell;Bouquet Garden;S/ 11.00;;Gl;1;;0;0;1; S/. 11.00 ;;
;R_0627;Perfumador Desinfectante;Martell;Lavanda Polar;S/ 11.00;;Gl;1;;0;0;1; S/. 11.00 ;;
;R_0628;perno 1/4 x 1;Hexagonal;zincado;S/ 20.00;S/ 9.40; ciento ;1;24/03/2025;0;0;1; S/. 20.00 ;alfa;
;R_0629;Perno 1/4 x 1 1/2;Hexagonal;zincado;S/ 22.00;S/ 11.00; ciento ;1;24/03/2025;0;0;1; S/. 22.00 ;Negociaciones generales cia;
;R_0630;Perno 1/4 x 2;Hexagonal;zincado;S/ 24.00;S/ 12.90; ciento ;1;24/03/2025;0;0;1; S/. 24.00 ;Negociaciones generales cia;
;R_0631;Perno 1/4 x 2 1/2;;Hexagonal;S/ 25.00;S/ 17.20; ciento ;1;1/02/2025;0;0;1; S/. 25.00 ;CIA;
;R_0632;Perno 1/4 x 3;;Hexagonal;S/ 28.00;S/ 20.80; ciento ;1;2/02/2025;0;0;1; S/. 28.00 ;CIA;
;R_0633;perno 1/4 x 3 1/2;;Hexagonal;S/ 30.00;S/ 23.00; ciento ;1;3/02/2025;0;0;1; S/. 30.00 ;;
;R_0634;Perno 1/4 x 3/4;;hexagonal;;S/ 8.10; ciento ;1;6/06/2025;0;0;1; S/. -   ;;
;R_0635;perno 1/4 x 4;zincado;c. coche;S/ 280.00;S/ 17.00; ciento ;20;9/09/2024;0;0;20; S/. 5,600.00 ;negociaciones generales;
;R_0636;perno 1/4 x 4;;Hexagonal;S/ 28.00;S/ 17.00; ciento ;1;4/02/2025;0;0;1; S/. 28.00 ;;
;R_0637;Perno 1/4 x 5;;coche ;;S/ 27.20; ciento ;;18/02/2025;0;0;0; S/. -   ;;
;R_0638;perno 1/4 x 6;coche;zincado;S/ 64.00;S/ 39.00; ciento ;600;9/09/2024;0;0;600; S/. 38,400.00 ;negociaciones generales;
;R_0639;perno 2 1/2 x 1/4;zincado;c. coche;S/ 24.00;S/ 13.20; ciento ;10;9/09/2024;0;0;10; S/. 240.00 ;negociaciones generales;
;R_0640;Pin clavo;Powertek;"1""  25mm";;;caja;1;;0;0;1; S/. -   ;;
;R_0641;Pin clavo;Power Fastemer;Pinclavo;;;caja;100;;0;0;100; S/. -   ;;
;R_0642;Pincel #6;C & A;cerda t/plano #6;S/ 1.00;S/ 0.33; unidad ;12;17/05/2024;0;0;12; S/. 12.00 ;;
;R_0643;pintura spray;;amarillo cat rojo fuego , oscuro , blanco mate;S/ 6.50;S/ 4.00; unidad ;1;16/12/2025;0;0;1; S/. 6.50 ;;
;R_0644;PINTURA TRAFICO;ISSA;AMARILLO TRAFICO;S/ 50.00;S/ 44.00; unidad ;4;27/08/2024;0;0;4; S/. 200.00 ;issa;
;R_0645;placa 1/2;gyplac;1.22x2.44;;;;;;0;0;0; S/. -   ;;
;R_0646;Placa de cemento 4 mm;Multiplaca 4 mm;1.22mX2.44m;S/ 24.00;;unidad;88;;0;0;88; S/. 2,112.00 ;;
;R_0647;placa superboard 6 mm;6 mm;;S/ 56.00;S/ 52.40;unidad;10;3/07/2024;0;0;10; S/. 560.00 ;;
;R_0648;"Plancha Batir 7""";c & a;"m/madera 7""";S/ 8.00;S/ 3.91; unidad ;3;17/05/2024;0;0;3; S/. 24.00 ;;
;R_0649;"Plancha Batir 7""";C&A;M/Goma;S/ 9.00;S/ 5.20; unidad ;6;12/12/2024;0;0;6; S/. 54.00 ;ardiles;
;R_0650;Plancha de Empastar;prescot;280x130mm;S/ 12.00;S/ 8.16; unidad ;4;19/02/2024;0;0;4; S/. 48.00 ;;
;R_0651;Plancha empastar lisa;c &a;m/madera 11x5;S/ 12.50;S/ 7.08; unidad ;3;  ;0;0;3; S/. 37.50 ;;
;R_0652;"Platina 1 1/2"" x 1 1/4""";;"1/2"" x 1 1/ x4""";S/ 0.90;;unidad;;;0;0;0; S/. -   ;;
;R_0653;Platina 120 mm ;el puma;platina zinc 120 mm;S/ 1.80;S/ 0.89; unidad ;50;15/12/2025;0;0;50; S/. 90.00 ;negociaciones generales cia;
;R_0654;"Platina 3"" x 1""";;" x1""";S/ 1.40;;unidad;100;;0;0;100; S/. 140.00 ;;
;R_0655;Plywood Okoume;okoume;1.22x2.44x4mm;S/ 38.00;S/ 32.00; unidad ;20;20/05/2024;0;0;20; S/. 760.00 ;;
;R_0656;"Prensa 3""";C&A;Tipo C;S/ 11.00;S/ 7.60; unidad ;4;12/12/2024;0;0;4; S/. 44.00 ;ardiles;
;R_0657;Prensa Rapida Tipo C;Ingco;"600mm 24"" 135 Kg";S/ 40.00;S/ 33.10; unidad ;2;29/10/2024;0;0;2; S/. 80.00 ;ALFA;
;R_0658;Prensa Rapida tipoc;ingco;"150 mm 6""";S/ 14.00;S/ 10.01; unidad ;2;25/03/2025;0;0;2; S/. 28.00 ;alfa;
;R_0659;Prensa Rapida tipoc;ingco;"300 mm 12""";S/ 16.00;S/ 11.50; unidad ;2;25/03/2025;0;0;2; S/. 32.00 ;alfa;
;R_0660;"PRENSA TIPO ""C"" 4""";C&A;;S/ 13.00;S/ 7.95; unidad ;6;28/06/2024;0;0;6; S/. 78.00 ;;
;R_0661;"PRENSA TIPO ""C"" 4""";eurotools;"""4""";S/ 15.00;S/ 9.70; unidad ;6;23/08/2024;0;0;6; S/. 90.00 ;ALFA;
;R_0662;"PRENSA TIPO ""C"" 4""";INGCO;4 X 100MM;S/ 18.00;S/ 12.90; unidad ;2;23/08/2024;0;0;2; S/. 36.00 ;ALFA;
;R_0663;"PRENSA TIPO ""C"" 6""";INGCO;6 X 150MM;S/ 25.00;S/ 19.60; unidad ;2;23/08/2024;0;0;2; S/. 50.00 ;ALFA;
;R_0664;Preservante;Dhermarsac;reservantePreservante;S/ 16.00;;Gl;10;;0;0;10; S/. 160.00 ;;
;R_0665;Preservante;Martell;reservantePreservante;;;Gl;6;;0;0;6; S/. -   ;;
;R_0666;Preservante;Derquin;reservantePreservante;S/ 22.00;S/ 18.00;Gl;12;;0;0;12; S/. 264.00 ;;
;R_0667;Preservante;worsal;reservantePreservante;;;Gl;11;;0;0;11; S/. -   ;;
;R_0668;Preservante 1L;worsal;Preservante1L;S/ 6.00;;L;5;;0;0;5; S/. 30.00 ;;
;R_0669;Pulguicida;Chica Verano;EliminaPulgas garrapatas;S/ 3.00;;;13;;0;0;13; S/. 39.00 ;;
;R_0670;Quitasarro 1 L;;;S/ 5.00;;;5;;0;0;5; S/. 25.00 ;;
;R_0671;Rafia;;madeja;S/ 1.00;;unidad;0;;0;0;0; S/. -   ;;
;R_0672;Raticida;El Zorro;mata pericote rata;S/ 2.50;;;25;;0;0;25; S/. 62.50 ;;
;R_0673;Rayd pastillas;Rayd;zancudo repuesto 24 unid;S/ 0.80;S/ 11.74; unidad ;1;17/05/2024;0;0;1; S/. 0.80 ;;
;R_0674;REFLECTOR C/SENSOR;PORTIZA;sensor 50W;S/ 30.00;S/ 24.70; UNIDAD ;1;11/07/2024;0;0;1; S/. 30.00 ;;
;R_0675;REGLA DE 3 1/4X 1 1/2X 3M;;ECONOMICA ALUMINIO;S/ 45.00;S/ 30.00; unidad ;10;10/07/2024;0;0;10; S/. 450.00 ;;
;R_0676;Repelente;Cock Brand;pastilla;S/ 10.00;;;8;;0;0;8; S/. 80.00 ;;
;R_0677;Repelente;Cock Brand;maq c/3 pastilla repelente;;;;1;;0;0;1; S/. -   ;;
;R_0678;Respirador N95;3M;N95;;;unidad;12;;0;0;12; S/. -   ;;
;R_0679;Riel 39;;39x0.45x3;S/ 8.50;S/ 5.50;;;;0;0;0; S/. -   ;;
;R_0680;Riel 65;;65x0.45.3;S/ 9.00;S/ 6.50;;1;;0;0;1; S/. 9.00 ;;
;R_0681;Riel 90;;90x0.45x3;S/ 10.00;S/ 8.50;;;;0;0;0; S/. -   ;;
;R_0682;"Rodillo 12""";;blanco;S/ 15.00;;;3;;0;0;3; S/. 45.00 ;;
;R_0683;"Rodillo 12""";Toro;melon;S/ 22.00;;unidad;4;;0;0;4; S/. 88.00 ;;
;R_0684;"Rodillo 3""";C & A;p/pintar;S/ 6.00;S/ 2.25; unidad ;6;17/05/2024;0;0;6; S/. 36.00 ;;
;R_0685;"Rodillo 3""";Toro;melon;S/ 11.50;;;9;;0;0;9; S/. 103.50 ;;
;R_0686;"Rodillo 9""";Toro;Melon;S/ 19.00;;UNIDAD;1;;0;0;1; S/. 19.00 ;;
;R_0687;"Rodillo 9""";;Blanco;;;;3;;0;0;3; S/. -   ;;
;R_0688;"Rodillo 9""";C&A;pintar;S/ 8.00;S/ 3.50; unidad ;6;12/12/2024;0;0;6; S/. 48.00 ;ardiles;
;R_0689;Rollo lija 80;Fandeli;Rollo tela 12x45.72m;S/ 16.00;S/ 11.00; unidad ;45.72;20/08/2024;0;0;45.72; S/. 731.52 ;IMPEXP SH;
;R_0690;Sellador Pva;Majestad;Fijador Nivelador;S/ 12.00;;Gl;13;;0;0;13; S/. 156.00 ;;
;R_0691;selladora;;3.2kg;S/ 38.00;; galon ;;;0;0;0; S/. -   ;;
;R_0692;Sensor de movimiento;Home Light;360G/6M;S/ 17.00;S/ 12.89; unidad ;3;17/05/2024;0;0;3; S/. 51.00 ;;
;R_0693;Serrucho 450 mm;INGCO;;S/ 15.00;S/ 10.30; unidad ;3;24/01/2025;0;0;3; S/. 45.00 ;;
;R_0694;Set Brochas 9 Pcs;INGCO;;S/ 22.00;S/ 15.10; juego ;3;2/09/2025;0;0;3; S/. 66.00 ;alfa;
;R_0695;Set llave Mixta chrome vanadium 14 Pcs;Eurotools;7,8,10,11,12,13,14,15,16,17,18,19,22,24 mm;S/ 63.00;S/ 44.00; set ;1;2/09/2025;0;0;1; S/. 63.00 ;alfa;
;R_0696;set Puntilla desarmador;eurotools;Cruz PH2 50 mm(5 unidades;S/ 8.00;S/ 4.30; set(5) ;5;25/03/2025;0;0;5; S/. 40.00 ;jupiter;
;R_0697;Shampoo;Head&Shoulders;hampooShampoo;S/ 1.20;;;6;;0;0;6; S/. 7.20 ;;
;R_0698;Shampoo;Nopucid 10 2 en 1;Permetrina 1%;S/ 2.00;;;13;;0;0;13; S/. 26.00 ;;
;R_0699;Shampoo;Amigo;mata pulga garrapata acaro;S/ 1.00;;;6;;0;0;6; S/. 6.00 ;;
;R_0700;Shampoo medicado;Linda Can;Todo tipo de pelaje(pulgas);;;;1;;0;0;1; S/. -   ;;
;R_0701;Sicka;worsal;Impermeabilizante;S/ 6.00;;kg;11.9;;0;0;11.9; S/. 71.40 ;;
;R_0702;Sierra caladora;INGCO;set de 5;S/ 10.00;S/ 5.61; unidad ;3;17/12/2024;0;0;3; S/. 30.00 ;alfa;
;R_0703;Sierra circular p/madera;truper;7 1/4, 40 dientes 5/8 ;S/ 32.00;S/ 27.00; unidad ;12;24/05/2024;0;0;12; S/. 384.00 ;;
;R_0704;SIERRA COPA;PRETUL;JUEGO DE 5 PZS;S/ 18.50;S/ 13.50; UNIDAD ;12;9/07/2024;0;0;12; S/. 222.00 ;;
;R_0705;SIERRA COPA;PRETUL;3PZS;S/ 16.50;S/ 11.40; UNIDAD ;6;9/07/2024;0;0;6; S/. 99.00 ;;
;R_0706;Sierra copa;EUROTOOLS;3pcs;S/ 9.00;S/ 5.50; juego ;6;26/03/2025;0;0;6; S/. 54.00 ;;
;R_0707;Sierra copa;EUROTOOLS;6 pcs;S/ 11.00;S/ 6.10; juego ;3;27/03/2025;0;0;3; S/. 33.00 ;;
;R_0708;SIERRA COPA 1 1/4;TRUPER;;S/ 15.00;S/ 11.31; unidad ;3;28/06/2024;0;0;3; S/. 45.00 ;;
;R_0709;SIERRA COPA 6 PZAS;;;S/ 10.00;S/ 6.50; UNIDAD ;3;11/07/2024;0;0;3; S/. 30.00 ;;
;R_0710;SOCKET;EUROLITE;BLANCO OVAL;S/ 4.50;S/ 2.10; unidad ;10;17/09/2024;0;0;10; S/. 45.00 ;ALFA;
;R_0711;SOCKET;EUROLITE;MARFIL OVAL;S/ 4.00;S/ 1.80; unidad ;10;17/09/2024;0;0;10; S/. 40.00 ;ALFA;
;R_0712;Soga;;1-Feb;S/ 1.80;;m;100;;0;0;100; S/. 180.00 ;;
;R_0713;Soga;;1-Abr;S/ 1.50;;m;84;;0;0;84; S/. 126.00 ;;
;R_0714;Soga;;Yute;;;kg;0.2;;0;0;0.2; S/. -   ;;
;R_0715;Soga;;3-Ago;S/ 1.20;;m;16;;0;0;16; S/. 19.20 ;;
;R_0716;Soldimix 10min;;;S/ 9.00;;;;;0;0;0; S/. -   ;;
;R_0717;SOLDIMIX EXTRAFUERTE;SOLDIMIX;35GT;S/ 10.00;S/ 6.88; UNIDAD ;3;11/07/2024;0;0;3; S/. 30.00 ;;
;R_0718;SOQUET;EPEM;;S/ 4.00;S/ 1.90; unidad ;12;2/05/2024;0;0;12; S/. 48.00 ;;
;R_0719;SOQUET BLANCO OVAL;EUROLITE;;S/ 5.00;S/ 2.10; unidad ;20;11/10/2024;0;0;20; S/. 100.00 ;ALFA;
;R_0720;Soquet colgante;;Soquetcolgante;S/ 1.80;;unidad;28;;0;0;28; S/. 50.40 ;;
;R_0721;Soquet colgante;Epem;Soquetcolgante;S/ 1.20;;unidad;100;;0;0;100; S/. 120.00 ;;
;R_0722;Soquet colgante ceramico;;colganteceramico;S/ 2.00;;unidad;3;;0;0;3; S/. 6.00 ;;
;R_0723;Soquet enchufe;;Soquetenchufe;;;unidad;4;;0;0;4; S/. -   ;;
;R_0724;Soquet ovalado;Home Light;Soquetovalado;;;unidad;12;;0;0;12; S/. -   ;;
;R_0725;Soquet ovalado;Genova;Blanco humo;S/ 4.00;;unidad;5;;0;0;5; S/. 20.00 ;;
;R_0726;Soquet ovalado;BTicino;Soquetovalado;S/ 10.00;;unidad;34;;0;0;34; S/. 340.00 ;;
;R_0727;Soquet ovalado;Megaluz;Soquetovalado;S/ 5.00;;unidad;3;;0;0;3; S/. 15.00 ;;
;R_0728;Soquet plano;Genova;Blanco Humo;;;unidad;8;;0;0;8; S/. -   ;;
;R_0729;Soquet plano;BTicino;Soquetplano;S/ 2.50;;unidad;2;;0;0;2; S/. 5.00 ;;
;R_0730;Soquet plano;Genova;Blanco fijo;;;unidad;20;;0;0;20; S/. -   ;;
;R_0731;SOQUET PLANO PLATO;EUROLITE;;S/ 4.00;S/ 1.50; unidad ;12;11/10/2024;0;0;12; S/. 48.00 ;ALFA;
;R_0732;Spliter 4;;Cable Tv;S/ 8.00;S/ 2.80; unidad ;12;2/04/2025;0;0;12; S/. 96.00 ;jupiter;
;R_0733;Spot Light 7 W alf 1007;;;S/ 9.50;S/ 5.70; unidad ;6;16/12/2025;0;0;6; S/. 57.00 ;;
;R_0734;spray ;C&A;negro brillante;S/ 7.00;S/ 3.80;unidad;3;;0;0;3; S/. 21.00 ;;
;R_0735;spray ;C&A;negre mate;S/ 7.00;S/ 3.60;unidad;9;;0;0;9; S/. 63.00 ;;
;R_0736;spray ;;blanco brillante;S/ 7.00;S/ 3.80;unidad;;;0;0;0; S/. -   ;;
;R_0737;spray ;;blanco mate;S/ 7.00;S/ 3.80;unidad;;;0;0;0; S/. -   ;;
;R_0738;spray ;;silver;S/ 7.00;S/ 4.20;unidad;3;;0;0;3; S/. 21.00 ;;
;R_0739;spray ;;rojo fuego;S/ 7.00;S/ 3.80; unidad ;3;;0;0;3; S/. 21.00 ;;
;R_0740;spray ;;rojo brillante;S/ 7.00;S/ 3.80;unidad;;;0;0;0; S/. -   ;;
;R_0741;spray ;;medium blue;S/ 7.00;S/ 3.80;unidad;3;;0;0;3; S/. 21.00 ;;
;R_0742;spray ;;premium oro;S/ 9.00;S/ 6.80; unidad ;3;;0;0;3; S/. 27.00 ;;
;R_0743;spray ;C&A;Amarillo Limon;S/ 7.00;S/ 3.52; unidad ;2;12/12/2024;0;0;2; S/. 14.00 ;ardiles;
;R_0744;spray ;C&A;Fucsia;S/ 7.00;S/ 3.52; unidad ;2;12/12/2024;0;0;2; S/. 14.00 ;ardiles;
;R_0745;spray ;C&A;Cobre;S/ 8.00;S/ 4.00; unidad ;2;12/12/2024;0;0;2; S/. 16.00 ;ardiles;
;R_0746;spray ;C&A;dorado;S/ 9.00;S/ 5.00; unidad ;6;12/12/2024;0;0;6; S/. 54.00 ;ardiles;
;R_0747;Stove Bolt 3/16 x 1;;;;S/ 6.50; ciento ;1;;0;0;1; S/. -   ;;
;R_0748;Stove Bolt 3/16 x 3/4;;c/pan mixta zincado;;S/ 50.00; ciento ;1;6/06/2025;0;0;1; S/. -   ;;
;R_0749;Stove Bolts 3/16 x 1;;3/16 x 1;;S/ 6.50; ciento ;;12/02/2025;0;0;0; S/. -   ;;
;R_0750;Stove Bolts 3/16 x 1 1/2;;3/16 x 1 1/2;;S/ 8.60; ciento ;;13/02/2025;0;0;0; S/. -   ;;
;R_0751;stove bolts 3/16 x 2;;3/16 x 2;;S/ 10.00; ciento ;;14/02/2025;0;0;0; S/. -   ;;
;R_0752;"Strech Film 20""";;2 Kg;S/ 22.00;S/ 16.25; unidad ;20;28/02/2025;0;0;20; S/. 440.00 ;Inversiones garde;
;R_0753;"Strech Film 9""";;0.550Kg;S/ 9.00;S/ 5.70; unidad ;8;28/02/2025;0;0;8; S/. 72.00 ;Inversiones garde;
;R_0754;Sumidero 2;Nacional;Cromado;S/ 5.00;S/ 3.20; unidad ;3;29/11/2024;0;0;3; S/. 15.00 ;ALFA;
;R_0755;Sumidero 4;Nacional;Cromado;S/ 12.00;S/ 8.90; unidad ;3;29/11/2024;0;0;3; S/. 36.00 ;ALFA;
;R_0756;Sup Pulguicida Perfuma;Chica Verano;Elimina pulga sarna gar..;S/ 2.00;;;3;;0;0;3; S/. 6.00 ;;
;R_0757;Sup Pulguicida Perfuma;Peluchin Plus;Elimina pulga sarna gar..;S/ 3.00;;;37;;0;0;37; S/. 111.00 ;;
;R_0758;Super Cola Gl;;ColaGl;S/ 13.00;;Gl;1;;0;0;1; S/. 13.00 ;;
;R_0759;SUPERBOARD 6MM;;;S/ 56.00;S/ 52.50; UNIDAD ;20;3/07/2024;0;0;20; S/. 1,120.00 ;;
;R_0760;Supresor de Pico;;negro omeg;S/ 18.00;S/ 13.30; unidad ;3;24/01/2025;0;0;3; S/. 54.00 ;;
;R_0761;T Autoperforante 10 x 1 1/2;;;;S/ 70.00; millar ;2;;0;0;2; S/. -   ;;
;R_0762;T spack 4 x 35;;T spack 4 x 35;;S/ 23.00; millar ;1;27/06/2025;0;0;1; S/. -   ;;
;R_0763;T spack 4 x 45;;t spack 4 x 45;;S/ 34.00; millar ;1;27/06/2025;0;0;1; S/. -   ;;
;R_0764;T spack 4 x 70;;T spack 4 x 70;;S/ 52.90; millar ;1;27/06/2002;0;0;1; S/. -   ;;
;R_0765;T spack 4 x 80;;T spack 4 x 80;;S/ 45.00; millar ;1;27/06/2025;0;0;1; S/. -   ;;
;R_0766;T Wafer  p/br 8 x 3/4;;punta broca;S/ 34.00;S/ 22.00; millar ;1;24/03/2025;0;0;1; S/. 34.00 ;Negociaciones generales cia;
;R_0767;T Wafer p/ broca 8 x 1 1/2;;8 x 1 1/2;S/ 55.00;S/ 35.00; millar ;1;11/04/2025;0;0;1; S/. 55.00 ;CIA;
;R_0768;T Wafer p/ broca 8 x 1 1/4;;8 x 1 1/4zincado;S/ 50.00;S/ 34.00; unidad ;1000;11/04/2025;0;0;1000; S/. 50,000.00 ;alfa;
;R_0769;T Wafer p/ fina 8 x 1/2;;8 X 1/2  Zincado;S/ 24.00;S/ 16.00; caja(1000pzs) ;16;27/06/2025;0;0;16; S/. 384.00 ;;
;R_0770;T Wafer p/f 8 x 3/4 ;;punta fina;S/ 30.00;S/ 20.50; millar ;1;24/03/2025;0;0;1; S/. 30.00 ;Negociaciones generales cia;
;R_0771;T. trompeta 6x2 p broca;;;S/ 55.00;S/ 36.00; millar ;1;24/03/2025;0;0;1; S/. 55.00 ;Negociaciones generales cia;
;R_0772;Tablero Fenolico 18;;18x1200x2400mm;;S/ 95.00; unidad ;5;20/05/2024;0;0;5; S/. -   ;;
;R_0773;"Tachuela  5/8""";Tacol;10 tachuela azul;S/ 10.50;S/ 6.50;caja(500gr);2;;0;0;2; S/. 21.00 ;;
;R_0774;"Tachuela 9/16""";Tacol;8 tachuela azul;S/ 10.50;S/ 6.50;caja(500gr);2;;0;0;2; S/. 21.00 ;;
;R_0775;Tachuela N 12;tacol;;;S/ 9.80; millar ;;;0;0;0; S/. -   ;;
;R_0776;Taladro de Impacto BL 96 Nm;INGCO;CIDLI20968 2 BATERIAS 4Ah+accesorios;S/ 400.00;S/ 342.00; unidad ;2;22/04/2025;0;0;2; S/. 800.00 ;alfa;
;R_0777;Talco Americano;Derquin;TalcoAmericano;S/ 2.00;S/ 1.30;kg;38;;0;0;38; S/. 76.00 ;;
;R_0778;TAPA 1/2 HEMBRA;;AGUA;S/ 1.50;S/ 0.40; unidad ;12;7/10/2024;0;0;12; S/. 18.00 ;;
;R_0779;Tapa Ciega;;tapa Hueco de tomacorriente;S/ 0.80;;unidad;88;;0;0;88; S/. 70.40 ;;
;R_0780;Tapa para tomacorriente;MIFER;paratomacorriente;;;unidad;94;;0;0;94; S/. -   ;;
;R_0781;TapaNuca;;Tela azulino;S/ 7.50;;unidad;4;;0;0;4; S/. 30.00 ;;
;R_0782;TapaNuca;;Jean;S/ 10.00;;unidad;1;;0;0;1; S/. 10.00 ;;
;R_0783;TapaNuca;;Naranja;;;unidad;1;;0;0;1; S/. -   ;;
;R_0784;Tapones oido;Steelpro;protector auditivo;S/ 2.50;;unidad;50;;0;0;50; S/. 125.00 ;;
;R_0785;Tarugo Drywall;ordo¤ez;blanco;S/ 110.00;S/ 55.00; millar ;0.5;4/01/2025;0;0;0.5; S/. 55.00 ;;
;R_0786;TARUGO MADERA;STAR IMPORTADO;3-Ago;;S/ 40.63; millar ;0.5;4/07/2024;0;0;0.5; S/. -   ;;
;R_0787;Tarugo madera ranurado 5 /16;importado;ranurado 5 /16;S/ 8.00;S/ 4.00; ciento ;9;15/12/2025;0;0;9; S/. 72.00 ;negociaciones generales cia;
;R_0788;Tarugo naranja chico;;naranjachico;S/ 0.10;;;;;0;0;0; S/. -   ;;
;R_0789;TE 1/2;;;S/ 3.00;S/ 1.50; unidad ;12;7/10/2024;0;0;12; S/. 36.00 ;;
;R_0790;techo 3.6m ;m;3.6m;;;;;;0;0;0; S/. -   ;;
;R_0791;techo 3.6m ;m;3.6m;;;;;;0;0;0; S/. -   ;;
;R_0792;techo 3.6m ;m;3.6m;;;;;;0;0;0; S/. -   ;;
;R_0793;techo 3.6m ;m;3.6m;;;;;;0;0;0; S/. -   ;;
;R_0794;techo 3.6m ;m;3.6m;;;;;;0;0;0; S/. -   ;;
;R_0795;techo 3.6m ;m;3.6m;;;;;;0;0;0; S/. -   ;;
;R_0796;techo ecotecho 3.6m;ecotecho;3.6mx1.10;S/ 25.00;;;;;0;0;0; S/. -   ;;
;R_0797;techo ecotecho 3m;ecotecho;3mx1.10;S/ 22.00;;;;;0;0;0; S/. -   ;;
;R_0798;TECHO Fibraforte 3.6;Fibraforte;3.6mx1.10;S/ 47.00;S/ 43.00;UNIDAD;30;9/09/2024;0;0;30; S/. 1,410.00 ;;
;R_0799;TECHO Fibraforte 3m;Fibraforte;3mx1.10;S/ 36.00;S/ 31.00;UNIDAD;30;9/09/2024;0;0;30; S/. 1,080.00 ;;
;R_0800;techo rojo;techito;3x1.10 m;S/ 21.00;S/ 17.00;;;;0;0;0; S/. -   ;;
;R_0801;techo rojo onda TR4 3.6m ;techito;3.6x1.10x1.5mm;;;;;;0;0;0; S/. -   ;;
;R_0802;techo traslucido Fibraforte 3.6m ;Fibraforte;3.6m;;;;;;0;0;0; S/. -   ;;
;R_0803;techo traslucido Fibraforte 3m ;Fibraforte;3mx1.10;S/ 70.00;;;;;0;0;0; S/. -   ;;
;R_0804;techo traslucido techito 3.6m ;techito;3.6mx0.80;S/ 39.00;S/ 35.00;;;;0;0;0; S/. -   ;;
;R_0805;techo traslucido techito 3m ;techito;3mx1.10;S/ 40.00;S/ 35.00;;;;0;0;0; S/. -   ;;
;R_0806;techo traslucido techoplus 3.6m ;techoplus;3.6mx0.80;S/ 45.00;;;;;0;0;0; S/. -   ;;
;R_0807;techo traslucido techoplus 3m ;techoplus;3mx1.10;S/ 45.00;;;;;0;0;0; S/. -   ;;
;R_0808;Tee Principal;;drywall;S/ 12.00;S/ 7.00;;;;0;0;0; S/. -   ;;
;R_0809;Tee Secundario;;drywall;S/ 4.50;S/ 2.00;;;;0;0;0; S/. -   ;;
;R_0810;Tee terciario;;drywall;S/ 2.50;S/ 1.00;;;;0;0;0; S/. -   ;;
;R_0811;Temple;worsal;25kg;S/ 20.00;S/ 13.00; unidad ;5;;0;0;5; S/. 100.00 ;;
;R_0812;THINER P50;ISSA;A 3GL;S/ 15.00;S/ 13.00; unidad ;16;27/08/2024;0;0;16; S/. 240.00 ;issa;
;R_0813;Thinner Acrilico 1L;Derquin;p-50;S/ 6.00;;L;15;;0;0;15; S/. 90.00 ;;
;R_0814;THINNER AUTOMOTRIZ;isa;ACRILICO ENV 3L;S/ 16.50;S/ 13.80; galon 3l ;12;1/07/2024;0;0;12; S/. 198.00 ;;
;R_0815;THINNER P55 ;isa;ENVASADO 3L;S/ 16.50;S/ 13.40; galon 3l ;12;1/07/2024;0;0;12; S/. 198.00 ;;
;R_0816;thinner p55 cil;isa;galon 3.7l;S/ 18.00;S/ 14.80; galon 3.8l ;55;12/07/2024;0;0;55; S/. 990.00 ;;
;R_0817;"TIJERA P/HOJALATERO 10""";C&A;TIJERA CALAMINA;S/ 15.00;S/ 7.90; unidad ;6;28/06/2024;0;0;6; S/. 90.00 ;;
;R_0818;Tirafon 1/4 x 3;;;;S/ 13.00; ciento ;1;1/12/2025;0;0;1; S/. -   ;;
;R_0819;Tirafon 1/4 x 3 1/2;;;;S/ 18.00; ciento ;1;1/12/2025;0;0;1; S/. -   ;;
;R_0820;Tirafon 1/4 x 4;;;;S/ 18.00; ciento ;5;1/12/2025;0;0;5; S/. -   ;;
;R_0821;Tiralinea;INGCO;30m;S/ 13.00;S/ 7.95; unidad ;2;17/12/2024;0;0;2; S/. 26.00 ;alfa;
;R_0822;Toma triple industrial;tomacorriente;;S/ 24.00;S/ 17.00; unidad ;3;;0;0;3; S/. 72.00 ;camver;
;R_0823;Toma TV UTV emprtrable;EUROLITE;deluxe;S/ 8.00;S/ 5.06; unidad ;1;16/12/2025;0;0;1; S/. 8.00 ;;
¤;R_0824;Tomacorriene extencion 3;;extencionTriple;S/ 4.00;;unidad;17;;0;0;17; S/. 68.00 ;;
;R_0825;TomaCorriente 1;eurolux;abierto para pared;S/ 2.00;;unidad;9;;0;0;9; S/. 18.00 ;;
;R_0826;TomaCorriente 1;ultra electric;Toma1;S/ 4.20;;unidad;16;;0;0;16;;;
;R_0827;TomaCorriente 2;Epem;Para pared;S/ 4.00;;unidad;6;;0;0;6; S/. 24.00 ;;
;R_0828;Tomacorriente 2;BTicino;corrientedoble;S/ 10.00;;unidad;6;;0;0;6; S/. 60.00 ;;
;R_0829;TOMACORRIENTE 2;CUBULL;CON TIERRA empotrable;S/ 8.00;S/ 4.65; UYNIDAD ;10;11/07/2024;0;0;10; S/. 80.00 ;;
;R_0830;TOMACORRIENTE 2;EUROLITE;CON TIERRA MARFIL;S/ 5.00;S/ 2.10; unidad ;10;11/10/2024;0;0;10; S/. 50.00 ;ALFA;
;R_0831;TomaCorriente 3;Bticino;Corrientetriple;S/ 5.00;;unidad;10;;0;0;10; S/. 50.00 ;;
;R_0832;TomaCorriente 3;Genova;Corrientetriple;S/ 8.00;;unidad;20;;0;0;20; S/. 160.00 ;;
;R_0833;TOMACORRIENTE 3;ULTRA ELECTRIC;SOBREPONER;S/ 5.00;S/ 2.50; unidad ;10;13/02/2024;0;0;10; S/. 50.00 ;;
;R_0834;Tomacorriente 3 Empotrable ;Eurolite;Empotrable;S/ 6.00;S/ 3.54; unidad ;10;29/11/2024;0;0;10; S/. 60.00 ;ALFA;
;R_0835;TOMACORRIENTE 4 ;EUROLITE;C TIERRA MARFIL;S/ 6.00;S/ 2.70; unidad ;12;11/10/2024;0;0;12; S/. 72.00 ;ALFA;
;R_0836;Tomacorriente doble;Cubull;con tierra;S/ 8.00;S/ 5.50; unidad ;10;31/07/2025;0;0;10; S/. 80.00 ;camver;
;R_0837;Tomacorriente Doble Empotrable;Eurolite Delux;;S/ 6.00;S/ 3.38; unidad ;20;2/09/2025;0;0;20; S/. 120.00 ;alfa;
;R_0838;Tomacorriente doble sobrep c/tierra;eurolite;marfil u-29;S/ 5.50;S/ 2.38; unidad ;12;25/03/2025;0;0;12; S/. 66.00 ;alfa;
;R_0839;Tomacorriente extencion 4;;Tomacorriente4;S/ 5.00;;unidad;22;;0;0;22; S/. 110.00 ;;
;R_0840;Tomacorriente extencion 5;;Tomacorriente5;S/ 6.00;;unidad;1;;0;0;1; S/. 6.00 ;;
;R_0841;TOMACORRIENTE MIXTO;CUBULL;empotrable;S/ 9.00;S/ 4.50; unidad ;10;13/02/2024;0;0;10; S/. 90.00 ;;
;R_0842;Tomacorriente Simple;Cubull;Con tierra metal;S/ 7.00;S/ 4.60; unidad ;10;31/07/2025;0;0;10; S/. 70.00 ;camver;
;R_0843;Tomacorriente triple visible c/tierra;eurolite;Marfil YF323-23;S/ 5.00;S/ 2.10; unidad ;12;25/03/2025;0;0;12; S/. 60.00 ;alfa;
;R_0844;TomaCorriete 3;Top Light;Corrietetriple;S/ 5.00;;unidad;17;;0;0;17; S/. 85.00 ;;
;R_0845;Tornillo Autoperforante;Ciser;"8 X 1""";;S/ 15.00;caja(500pzs);2;;0;0;2; S/. -   ;;
;R_0846;Tornillo autoperforante;Tinkur;"7 X 7/16""";;;unidad;2000;;0;0;2000; S/. -   ;;
;R_0847;Tornillo Autoperforante;Ciser;"10 X 1""";;;unidad;750;;0;0;750; S/. -   ;;
;R_0848;Tornillo Autoperforante;ciser;10-16 X 1 1/2;;;unidad;750;;0;0;750; S/. -   ;;
;R_0849;Tornillo Autoperforante;Ciser;"10-16 X 3/4""";;;;250;;0;0;250; S/. -   ;;
;R_0850;Tornillo Autoperforante;MSK Multistock;14mm X 11/2;;;unidad;;;0;0;0; S/. -   ;;
;R_0851;Tornillo autoperforante ;;10 x 2 1/2;S/ 180.00;S/ 105.00; millar ;1.5;18/02/2025;0;0;1.5; S/. 270.00 ;;
;R_0852;Tornillo autoperforante 2;;2x10;S/ 120.00;S/ 86.00; millar ;2;4/01/2025;0;0;2; S/. 240.00 ;Negociaciones generales cia;
;R_0853;Tornillo autoperforante negro ;Bilder;6 X 1 1/2;;;unidad;1000;;0;0;1000; S/. -   ;;
;R_0854;Tornillo Autoperforante p/broca;Bilder;8 X 3/4;;S/ 12.50;caja(500pzs);2;;0;0;2; S/. -   ;;
;R_0855;Tornillo Autoperforante p/broca;Bilder;8 X 1 1/2;;S/ 21.00;caja(500pzs);2;;0;0;2; S/. -   ;;
;R_0856;Tornillo Autorroscante Cabeza plana;Bilder;6 X 1 ;;;unidad;3000;;0;0;3000; S/. -   ;;
;R_0857;Tornillo Autorroscante Cabeza plana;bilder;"6 X 3/4""";;;unidad;100;;0;0;100; S/. -   ;;
;R_0858;Tornillo Drywall;Granel;"6 X 1""";;;unidad;2;;0;0;2; S/. -   ;;
;R_0859;Tornillo Drywall, punta fina cabeza trompeta;MSK Multistock;negro 6X2 ;S/ 55.00;;caja(1000pzs);2.5;;0;0;2.5; S/. 137.50 ;;
;R_0860;Tornillo Framer punta fina;mamut;"7 X  7/16""";;;Caja(100);3;;0;0;3; S/. -   ;;
;R_0861;Tornillo P/B 8 x 1;;8 x 1 P/B;;S/ 25.00; millar ;;6/02/2025;0;0;0; S/. -   ;;
;R_0862;Tornillo Punta broca;MSK Multistock;"8 X 1/2 "" Zincado";S/ 27.00;S/ 22.00;millar;3;;0;0;3; S/. 81.00 ;;
;R_0863;Tornillo Punta broca;Ciser;"6 X  1"" Zincado";;;millar;1;;0;0;1; S/. -   ;;
;R_0864;Tornillo Punta broca;Ciser;"7 X 7/16"" zincado";;;unidad;1900;;0;0;1900; S/. -   ;;
;R_0865;Tornillo Punta broca;Ciser;"6 X 1 1/4"" zincado";;;unidad;1000;;0;0;1000; S/. -   ;;
;R_0866;Tornillo Punta broca;Mamut;"7 X 7/16"" zincado";;;unidad;900;;0;0;900; S/. -   ;;
;R_0867;Tornillo PUNTA FINA;construtek;6 X 1;S/ 22.00;S/ 14.00;millar;20;5/07/2024;0;0;20; S/. 440.00 ;;
;R_0868;Tornillo Spack;;4 x 60;S/ 58.00;S/ 39.00;;;9/02/2025;0;0;0; S/. -   ;;
;R_0869;Tornillo spack;;4 x 70;;S/ 55.00;;;10/02/2025;0;0;0; S/. -   ;;
;R_0870;Tornillo spack ;;5X50;S/ 73.00;S/ 51.00; MILLAR ;;;0;0;0; S/. -   ;;
;R_0871;Tornillo spack ;;4X50;;S/ 32.00; MILLAR ;;;0;0;0; S/. -   ;;
;R_0872;Tornillo spack ;MSK Multistock;4.5 X 60;;;unidad;900;;0;0;900; S/. -   ;;
;R_0873;Tornillo spack ;Fabina Constructor;5 X 80;;;unidad;500;;0;0;500; S/. -   ;;
;R_0874;Tornillo spack ;Fabina Constructor;4.5 X 50;;;unidad;900;;0;0;900; S/. -   ;;
;R_0875;Tornillo spack ;Fabina Constructor;4.0 X 20;;S/ 15.00;millar;2;;0;0;2; S/. -   ;;
;R_0876;Tornillo spack ;MSK Multistock;4x50;S/ 8.00;;ciento;1;;0;0;1; S/. 8.00 ;;
;R_0877;Tornillo spack ;Bilder;4.5 X 20;S/ 6.00;;ciento;1;;0;0;1; S/. 6.00 ;;
;R_0878;Tornillo spack ;Tinkur;3.0 X 12;;;unidad;1;;0;0;1; S/. -   ;;
;R_0879;Tornillo spack ;Bilder;4.5 X 60;;;unidad;1;;0;0;1; S/. -   ;;
;R_0880;Tornillo spack ;Ciser;5.0 X 35;;;unidad;1;;0;0;1; S/. -   ;;
;R_0881;Tornillo spack ;Tinkur;4 X 25;;S/ 17.00;millar;1;;0;0;1; S/. -   ;;
;R_0882;Tornillo spack ;Tinkur;3.5 X 30;;S/ 17.00;unidad;1;;0;0;1; S/. -   ;;
;R_0883;Tornillo spack ;Tinkur;4 X 20;;S/ 28.00;unidad;1080;;0;0;1080; S/. -   ;;
;R_0884;Tornillo spack ;Ciser;5 X 25;;;unidad;700;;0;0;700; S/. -   ;;
;R_0885;tornillo spack 3.5 x 16;;3,5 x 16;S/ 20.00;S/ 13.00; millar ;1;11/04/2025;0;0;1; S/. 20.00 ;CIA;
;R_0886;Tornillo spack 3.5 x 20;;;S/ 19.00;S/ 13.50; millar ;1;17/11/2025;0;0;1; S/. 19.00 ;;
;R_0887;Tornillo spack 3.5 x 35;;;S/ 32.00;S/ 22.50; millar ;1;17/11/2025;0;0;1; S/. 32.00 ;;
;R_0888;Tornillo spack 3.5 x 40;;;S/ 33.00;S/ 23.00; millar ;1;17/11/2025;0;0;1; S/. 33.00 ;;
;R_0889;Tornillo spack 3.5 x 50;;;S/ 36.00;S/ 25.20; millar ;1;17/11/2025;0;0;1; S/. 36.00 ;;
;R_0890;tornillo spack 4 x 16;;4 x 16;S/ 22.00;S/ 21.00; millar ;1;11/04/2025;0;0;1; S/. 22.00 ;CIA;
;R_0891;Tornillo spack 4 x 40;;;S/ 36.00;S/ 25.00; millar ;1;17/11/2025;0;0;1; S/. 36.00 ;;
;R_0892;Tornillo spack 4.5 x 40;;;S/ 32.50;; medio millar ;1;;0;0;1; S/. 32.50 ;;
;R_0893;Tornillo spack 5 x 20;;;S/ 50.00;; millar ;;;0;0;0; S/. -   ;;
;R_0894;Tornillo spack 5 x 30;;;S/ 60.00;; millar ;1;;0;0;1; S/. 60.00 ;;
;R_0895;Tornillo spack 5 x 40;;;;S/ 38.00; millar ;;;0;0;0; S/. -   ;;
;R_0896;Tornillo spack 5 x 50;;;S/ 83.00;S/ 50.00; millar ;1;17/11/2025;0;0;1; S/. 83.00 ;;
;R_0897;Tornillo spack 5 x 60;;;S/ 12.00;; ciento ;1;;0;0;1; S/. 12.00 ;;
;R_0898;Tornillo spack 5 x 70;;;S/ 92.00;S/ 64.00; millar ;1;17/11/2025;0;0;1; S/. 92.00 ;;
;R_0899;Tornillo spack 5 x 80;;;S/ 100.00;S/ 70.00; millar ;1;17/11/2025;0;0;1; S/. 100.00 ;;
;R_0900;Tornillo spack 6 x 100;;;S/ 194.00;S/ 136.00; millar ;1;17/11/2025;0;0;1; S/. 194.00 ;;
;R_0901;Tornillo spack 6 x 120;;;S/ 274.00;S/ 192.00; millar ;1;17/11/2025;0;0;1; S/. 274.00 ;;
;R_0902;Tornillo spack 6 x 60;;;S/ 123.00;S/ 86.00; millar ;1;17/11/2025;0;0;1; S/. 123.00 ;;
;R_0903;Tornillo spack 6x80;;M 6x80;S/ 150.00;S/ 128.30; millar ;1;20/02/2025;0;0;1; S/. 150.00 ;alfa;
;R_0904;Tornillo tipo pan ;Bilder;"7 X 7/16""";;;unidad;6000;;0;0;6000; S/. -   ;;
;R_0905;Tornillo trompeta autoperforante;Tinkur;6 x 1 1/2 p/broca;S/ 50.00;S/ 30.50; millar ;1;;0;0;1; S/. 50.00 ;;
;R_0906;Tornillo Trompeta Autoperforante;;6 x 2 p/broca zincado;S/ 55.00;S/ 32.00; millar ;1;5/09/2025;0;0;1; S/. 55.00 ;camver;
;R_0907;Tornillo Wafer;;8 x 1 zincado;S/ 8.00;; ciento ;;;0;0;0; S/. -   ;;
;R_0908;TORNILLO WAFER 8 X 1/2 ;;ZINCADO P FINA;S/ 22.00;S/ 14.50; unidad ;20;30/09/2025;0;0;20; S/. 440.00 ;Jorge ramirez;
;R_0909;Trampa Desague;;2x2 pesado completo;S/ 10.00;S/ 6.00; unidad ;3;24/01/2025;0;0;3; S/. 30.00 ;;
;R_0910;Trapezoidal 0.22;;3.6x1.10x0.22;S/ 36.00;S/ 32.00; unidad ;100;20/05/2024;0;0;100; S/. 3,600.00 ;;
;R_0911;Trapezoidal Transparente;;100 x 105 x 3.60;S/ 65.00;S/ 56.00; unidad ;10;24/06/2025;0;0;10; S/. 650.00 ;Inversiones garde;
;R_0912;triplay;;tablero Fenolico BC CMP 18x1200x2400mm;S/ 115.00;S/ 95.00; unidad ;5;20/05/2024;0;0;5; S/. 575.00 ;;
;R_0913;triplay;; Plywood Okoume B/C 2.22x2.44x4mm;S/ 37.00;S/ 32.00; unidad ;20;20/05/2024;0;0;20; S/. 740.00 ;;
;R_0914;triplay 0.92x2.16m;;0.92x2.16m;S/ 18.00;;unidad;10;;0;0;10; S/. 180.00 ;;
;R_0915;triplay 10mm;lupuna;1.22mX2.44m;S/ 100.00;;unidad;10;;0;0;10; S/. 1,000.00 ;;
;R_0916;Triplay 3.5mm;economico;1.22mX2.44m;S/ 25.00;;unidad;8;;0;0;8; S/. 200.00 ;;
;R_0917;Triplay 4mm;blanco economico;1.22mX2.44m;;;unidad;10;;0;0;10; S/. -   ;;
;R_0918;triplay 4mm;lupuna(saldo);1.22mX2.44m;S/ 38.00;;unidad;3;;0;0;3; S/. 114.00 ;;
;R_0919;triplay 6mm;lupuna;1.22mX2.44m;S/ 54.00;;unidad;18;;0;0;18; S/. 972.00 ;;
;R_0920;Triplay 8mm;;lupuna1.22x2.44x8mm;S/ 75.00;S/ 64.00; unidad ;10;20/05/2024;0;0;10; S/. 750.00 ;;
;R_0921;triplay 8mm;lupuna;1.22mX2.44m;S/ 74.00;;unidad;8;;0;0;8; S/. 592.00 ;;
;R_0922;TRIPLAY CAPIRUNI 4MM;;;S/ 30.00;S/ 25.00; unidad ;20;9/09/2024;0;0;20; S/. 600.00 ;;
;R_0923;Triplay Fenolico Film 18mm;ecogyn;1.22mX2.44m;S/ 80.00;S/ 74.00;unidad;4;;0;0;4; S/. 320.00 ;;
;R_0924;Triplay Film;construccion;1.22mX2.44m;S/ 108.00;;unidad;3;;0;0;3; S/. 324.00 ;;
;R_0925;Triplay Lupuna 8mm;lupuna;1.22x2.44x8mm;S/ 74.00;S/ 64.00; unidad ;10;20/05/2024;0;0;10; S/. 740.00 ;;
;R_0926;TRIZ;;PEGAMENTO INSTATANEO;S/ 5.00;S/ 4.00; unidad ;6;28/06/2024;0;0;6; S/. 30.00 ;;
;R_0927;TUBO 2;ECO;;S/ 12.00;S/ 6.00; unidad ;;10/07/2024;0;0;0; S/. -   ;;
;R_0928;TUBO 2;pavco bamba;;S/ 16.00;S/ 11.00; UNIDAD ;;10/07/2024;0;0;0; S/. -   ;;
;R_0929;TUBO 4;ECO;;S/ 18.00;S/ 11.50; unidad ;6;10/07/2024;0;0;6; S/. 108.00 ;;
;R_0930;TUBO 4;PAKO;;S/ 24.00;S/ 18.00; UNIDAD ;6;10/07/2024;0;0;6; S/. 144.00 ;;
;R_0931;TUBO 4;NICOL;;S/ 24.00;S/ 18.00; UNIDAD ;;10/07/2024;0;0;0; S/. -   ;;
;R_0932;Tubo led emergencia 20 W;;;S/ 15.00;S/ 9.50; unidad ;3;16/12/2025;0;0;3; S/. 45.00 ;;
;R_0933;TUBO LUZ 3/4;ECO;;S/ 2.50;S/ 1.00; unidad ;200;10/07/2024;0;0;200; S/. 500.00 ;;
;R_0934;tuerca 1/4;;tuerca  exagonal;S/ 6.00;S/ 2.75;ciento;3000;9/09/2024;0;0;3000; S/. 18,000.00 ;;
;R_0935;UFO LED  20 w 120 MM 7000k alf 1032;;;S/ 8.67;S/ 5.20; unidad ;6;16/12/2025;0;0;6; S/. 52.00 ;;
;R_0936;UFO LED  30 w 185 MM 7000k alf 1033 alf 1034;;;S/ 14.33;S/ 8.60; unidad ;6;16/12/2025;0;0;6; S/. 86.00 ;;
;R_0937;UFO LED  40 w;ALFA;220 MM 700K;S/ 11.30;S/ 18.00; unidad ;6;17/10/2025;0;0;6; S/. 67.80 ;;
;R_0938;UNION 1/2;NICOL;AGUA;S/ 1.50;S/ 0.70; unidad ;12;7/10/2024;0;0;12; S/. 18.00 ;;
;R_0939;Union Coaxial;;cable Tv;S/ 1.00;S/ 0.40; unidad ;12;2/04/2025;0;0;12; S/. 12.00 ;jupiter;
;R_0940;"Union Universal PVC con rosca 1/2""";C&A;"PVC con rosca 1/con2""";S/ 4.50;;unidad;14;;0;0;14; S/. 63.00 ;negociaciones generales;
;R_0941;"Valvula PVC con rosca 1/2""";SCHUBERT;"con rosca 1/con2""";S/ 4.50;;unidad;2;;0;0;2; S/. 9.00 ;;
;R_0942;VOLCANITA RH 12.7MM (1/2);VOLCAN;;S/ 40.00;S/ 38.00; UNIDAD ;20;3/07/2024;0;0;20; S/. 800.00 ;;
;R_0943;VOLCANITA ST 12.7MM (1/2);VOLCAN;1.22*2.44;S/ 27.50;S/ 26.00; UNIDAD ;60;3/07/2024;0;0;60; S/. 1,650.00 ;;
;R_0944;Wincha 10x25mm;INGCO;Antigolpe hoja ancha;S/ 20.00;S/ 13.25; unidad ;3;17/12/2024;0;0;3; S/. 60.00 ;alfa;
;R_0945;Wincha 5m;prescot;5m*19mm;S/ 7.00;S/ 5.07; unidad ;12;19/02/2024;0;0;12; S/. 84.00 ;;
;R_0946;wincha 5mx19mm;INGCO;amarilla;S/ 8.00;S/ 4.60; unidad ;6;17/12/2024;0;0;6; S/. 48.00 ;alfa;
;R_0947;wincha 5mx25mm;INGCO;antigolpe hoja ancha;S/ 11.00;S/ 7.20; unidad ;6;17/12/2024;0;0;6; S/. 66.00 ;alfa;
;R_0948;WINCHA 5X25MM;EUROTOOLS;;S/ 8.00;S/ 5.63; unidad ;12;17/09/2024;0;0;12; S/. 96.00 ;ALFA;
;R_0949;Wincha 5x25mm;INGCO;amarilla hoja ancha;S/ 9.00;S/ 5.30; unidad ;6;17/12/2024;0;0;6; S/. 54.00 ;alfa;
;R_0950;Wincha 7.5m;prescot;7.5m*25mm;S/ 14.00;S/ 8.32; unidad ;6;19/02/2024;0;0;6; S/. 84.00 ;;
;;;;;;;;;;0;0;0; S/. -   ;;
;;;;;;;;;;0;0;0; S/. -   ;;
;;;;;;;;;;0;0;0; S/. -   ;;
;;;;;;;;;;0;0;0; S/. -   ;;
;;;;;;;;;;0;0;0; S/. -   ;;
;;;;;;;;;;0;0;0; S/. -   ;;
;;;;;;;;;;0;0;0; S/. -   ;;
;;;;;;;;;;0;0;0; S/. -   ;;
;;;;;;;;;;0;0;0; S/. -   ;;
;;;;;;;;;;0;0;0; S/. -   ;;
;;;;;;;;;;0;0;0; S/. -   ;;
;;;;;;;;;;0;0;0; S/. -   ;;
;;;;;;;;;;0;0;0; S/. -   ;;
;;;;;;;;;;0;0;0; S/. -   ;;
;;;;;;;;;;0;0;0; S/. -   ;;
;;;;;;;;;;0;0;0; S/. -   ;;
;;;;;;;;;;0;0;0; S/. -   ;;
;;;;;;;;;;0;0;0; S/. -   ;;
;;;;;;;;;;0;0;0; S/. -   ;;
;;;;;;;;;;0;0;0; S/. -   ;;
;;;;;;;;;;0;0;0; S/. -   ;;
;;;;;;;;;;0;0;0; S/. -   ;;
;;;;;;;;;;0;0;0; S/. -   ;;
